INFO:     Started server process [16592]
INFO:     Waiting for application startup.
INFO:     Application startup complete.
INFO:     Uvicorn running on http://127.0.0.1:8000 (Press CTRL+C to quit)
INFO:     127.0.0.1:58105 - "GET /api/health HTTP/1.1" 200 OK
INFO:     127.0.0.1:58106 - "POST /api/auth/login HTTP/1.1" 200 OK
INFO:     127.0.0.1:64480 - "OPTIONS /api/market/featured HTTP/1.1" 200 OK
INFO:     127.0.0.1:63554 - "OPTIONS /api/market/featured HTTP/1.1" 200 OK
INFO:     127.0.0.1:64480 - "OPTIONS /api/search?query= HTTP/1.1" 200 OK
INFO:     127.0.0.1:64480 - "GET /api/search?query= HTTP/1.1" 200 OK
INFO:     127.0.0.1:64480 - "OPTIONS /api/stock/RELIANCE.NS HTTP/1.1" 200 OK
INFO:     127.0.0.1:57143 - "OPTIONS /api/predict/RELIANCE.NS HTTP/1.1" 200 OK
INFO:     127.0.0.1:51207 - "OPTIONS /api/stock/RELIANCE.NS HTTP/1.1" 200 OK
INFO:     127.0.0.1:64480 - "OPTIONS /api/predict/RELIANCE.NS HTTP/1.1" 200 OK
INFO:     127.0.0.1:59546 - "WebSocket /api/ws/RELIANCE.NS" [accepted]
INFO:     connection open
INFO:     127.0.0.1:57143 - "GET /api/stock/RELIANCE.NS HTTP/1.1" 200 OK
INFO:     127.0.0.1:53374 - "GET /api/stock/RELIANCE.NS HTTP/1.1" 200 OK
INFO:     127.0.0.1:51207 - "GET /api/predict/RELIANCE.NS HTTP/1.1" 200 OK
INFO:     127.0.0.1:51207 - "GET /api/predict/RELIANCE.NS HTTP/1.1" 200 OK
INFO:     127.0.0.1:63554 - "GET /api/market/featured HTTP/1.1" 200 OK
INFO:     127.0.0.1:63554 - "GET /api/market/featured HTTP/1.1" 200 OK
INFO:     connection closed
ERROR:    Exception in ASGI application
Traceback (most recent call last):
  File "C:\Users\Sachin\AppData\Roaming\Python\Python314\site-packages\uvicorn\protocols\websockets\websockets_impl.py", line 244, in run_asgi
    result = await self.app(self.scope, self.asgi_receive, self.asgi_send)  # type: ignore[func-returns-value]
             ^^^^^^^^^^^^^^^^^^^^^^^^^^^^^^^^^^^^^^^^^^^^^^^^^^^^^^^^^^^^^
  File "C:\Users\Sachin\AppData\Roaming\Python\Python314\site-packages\uvicorn\middleware\proxy_headers.py", line 60, in __call__
    return await self.app(scope, receive, send)
           ^^^^^^^^^^^^^^^^^^^^^^^^^^^^^^^^^^^^
  File "C:\Users\Sachin\AppData\Roaming\Python\Python314\site-packages\fastapi\applications.py", line 1159, in __call__
    await super().__call__(scope, receive, send)
  File "C:\Users\Sachin\AppData\Roaming\Python\Python314\site-packages\starlette\applications.py", line 90, in __call__
    await self.middleware_stack(scope, receive, send)
  File "C:\Users\Sachin\AppData\Roaming\Python\Python314\site-packages\starlette\middleware\errors.py", line 151, in __call__
    await self.app(scope, receive, send)
  File "C:\Users\Sachin\AppData\Roaming\Python\Python314\site-packages\starlette\middleware\cors.py", line 80, in __call__
    await self.app(scope, receive, send)
  File "C:\Users\Sachin\AppData\Roaming\Python\Python314\site-packages\starlette\middleware\exceptions.py", line 63, in __call__
    await wrap_app_handling_exceptions(self.app, conn)(scope, receive, send)
  File "C:\Users\Sachin\AppData\Roaming\Python\Python314\site-packages\starlette\_exception_handler.py", line 53, in wrapped_app
    raise exc
  File "C:\Users\Sachin\AppData\Roaming\Python\Python314\site-packages\starlette\_exception_handler.py", line 42, in wrapped_app
    await app(scope, receive, sender)
  File "C:\Users\Sachin\AppData\Roaming\Python\Python314\site-packages\fastapi\middleware\asyncexitstack.py", line 18, in __call__
    await self.app(scope, receive, send)
  File "C:\Users\Sachin\AppData\Roaming\Python\Python314\site-packages\starlette\routing.py", line 660, in __call__
    await self.middleware_stack(scope, receive, send)
  File "C:\Users\Sachin\AppData\Roaming\Python\Python314\site-packages\starlette\routing.py", line 680, in app
    await route.handle(scope, receive, send)
  File "C:\Users\Sachin\AppData\Roaming\Python\Python314\site-packages\starlette\routing.py", line 350, in handle
    await self.app(scope, receive, send)
  File "C:\Users\Sachin\AppData\Roaming\Python\Python314\site-packages\fastapi\routing.py", line 160, in app
    await wrap_app_handling_exceptions(app, session)(scope, receive, send)
  File "C:\Users\Sachin\AppData\Roaming\Python\Python314\site-packages\starlette\_exception_handler.py", line 53, in wrapped_app
    raise exc
  File "C:\Users\Sachin\AppData\Roaming\Python\Python314\site-packages\starlette\_exception_handler.py", line 42, in wrapped_app
    await app(scope, receive, sender)
  File "C:\Users\Sachin\AppData\Roaming\Python\Python314\site-packages\fastapi\routing.py", line 157, in app
    await func(session)
  File "C:\Users\Sachin\AppData\Roaming\Python\Python314\site-packages\fastapi\routing.py", line 764, in app
    await dependant.call(**solved_result.values)
  File "C:\Users\Sachin\OneDrive\Desktop\STOCKIT1\backend\app\api\routes.py", line 148, in stock_socket
    price = get_live_price(symbol)
  File "C:\Users\Sachin\OneDrive\Desktop\STOCKIT1\backend\app\services\market_data.py", line 125, in get_live_price
    if info.get("lastPrice"):
       ~~~~~~~~^^^^^^^^^^^^^
  File "C:\Users\Sachin\AppData\Roaming\Python\Python314\site-packages\yfinance\scrapers\quote.py", line 101, in get
    return self[key]
           ~~~~^^^^^
  File "C:\Users\Sachin\AppData\Roaming\Python\Python314\site-packages\yfinance\scrapers\quote.py", line 111, in __getitem__
    return getattr(self, k)
  File "C:\Users\Sachin\AppData\Roaming\Python\Python314\site-packages\yfinance\scrapers\quote.py", line 248, in last_price
    prices = self._get_1y_prices()
  File "C:\Users\Sachin\AppData\Roaming\Python\Python314\site-packages\yfinance\scrapers\quote.py", line 130, in _get_1y_prices
    self._prices_1y = self._tkr.history(period="1y", auto_adjust=False, keepna=True)
                      ~~~~~~~~~~~~~~~~~^^^^^^^^^^^^^^^^^^^^^^^^^^^^^^^^^^^^^^^^^^^^^
  File "C:\Users\Sachin\AppData\Roaming\Python\Python314\site-packages\yfinance\utils.py", line 95, in wrapper
    result = func(*args, **kwargs)
  File "C:\Users\Sachin\AppData\Roaming\Python\Python314\site-packages\yfinance\base.py", line 129, in history
    return self._lazy_load_price_history().history(*args, **kwargs)
           ~~~~~~~~~~~~~~~~~~~~~~~~~~~~~~~~~~~~~~~^^^^^^^^^^^^^^^^^
  File "C:\Users\Sachin\AppData\Roaming\Python\Python314\site-packages\yfinance\utils.py", line 95, in wrapper
    result = func(*args, **kwargs)
  File "C:\Users\Sachin\AppData\Roaming\Python\Python314\site-packages\yfinance\scrapers\history.py", line 224, in history
    if data['chart']['result'] is None:
       ~~~~^^^^^^^^^
TypeError: 'NoneType' object is not subscriptable
INFO:     127.0.0.1:52472 - "OPTIONS /api/stock/RELIANCE.NS HTTP/1.1" 200 OK
INFO:     127.0.0.1:52842 - "OPTIONS /api/predict/RELIANCE.NS HTTP/1.1" 200 OK
INFO:     127.0.0.1:51816 - "OPTIONS /api/stock/RELIANCE.NS HTTP/1.1" 200 OK
INFO:     127.0.0.1:52748 - "WebSocket /api/ws/RELIANCE.NS" [accepted]
ERROR:    Exception in ASGI application
Traceback (most recent call last):
  File "C:\Users\Sachin\AppData\Roaming\Python\Python314\site-packages\uvicorn\protocols\websockets\websockets_impl.py", line 244, in run_asgi
    result = await self.app(self.scope, self.asgi_receive, self.asgi_send)  # type: ignore[func-returns-value]
             ^^^^^^^^^^^^^^^^^^^^^^^^^^^^^^^^^^^^^^^^^^^^^^^^^^^^^^^^^^^^^
  File "C:\Users\Sachin\AppData\Roaming\Python\Python314\site-packages\uvicorn\middleware\proxy_headers.py", line 60, in __call__
    return await self.app(scope, receive, send)
           ^^^^^^^^^^^^^^^^^^^^^^^^^^^^^^^^^^^^
  File "C:\Users\Sachin\AppData\Roaming\Python\Python314\site-packages\fastapi\applications.py", line 1159, in __call__
    await super().__call__(scope, receive, send)
  File "C:\Users\Sachin\AppData\Roaming\Python\Python314\site-packages\starlette\applications.py", line 90, in __call__
    await self.middleware_stack(scope, receive, send)
  File "C:\Users\Sachin\AppData\Roaming\Python\Python314\site-packages\starlette\middleware\errors.py", line 151, in __call__
    await self.app(scope, receive, send)
  File "C:\Users\Sachin\AppData\Roaming\Python\Python314\site-packages\starlette\middleware\cors.py", line 80, in __call__
    await self.app(scope, receive, send)
  File "C:\Users\Sachin\AppData\Roaming\Python\Python314\site-packages\starlette\middleware\exceptions.py", line 63, in __call__
    await wrap_app_handling_exceptions(self.app, conn)(scope, receive, send)
  File "C:\Users\Sachin\AppData\Roaming\Python\Python314\site-packages\starlette\_exception_handler.py", line 53, in wrapped_app
    raise exc
  File "C:\Users\Sachin\AppData\Roaming\Python\Python314\site-packages\starlette\_exception_handler.py", line 42, in wrapped_app
    await app(scope, receive, sender)
  File "C:\Users\Sachin\AppData\Roaming\Python\Python314\site-packages\fastapi\middleware\asyncexitstack.py", line 18, in __call__
    await self.app(scope, receive, send)
  File "C:\Users\Sachin\AppData\Roaming\Python\Python314\site-packages\starlette\routing.py", line 660, in __call__
    await self.middleware_stack(scope, receive, send)
  File "C:\Users\Sachin\AppData\Roaming\Python\Python314\site-packages\starlette\routing.py", line 680, in app
    await route.handle(scope, receive, send)
  File "C:\Users\Sachin\AppData\Roaming\Python\Python314\site-packages\starlette\routing.py", line 350, in handle
    await self.app(scope, receive, send)
  File "C:\Users\Sachin\AppData\Roaming\Python\Python314\site-packages\fastapi\routing.py", line 160, in app
    await wrap_app_handling_exceptions(app, session)(scope, receive, send)
  File "C:\Users\Sachin\AppData\Roaming\Python\Python314\site-packages\starlette\_exception_handler.py", line 53, in wrapped_app
    raise exc
  File "C:\Users\Sachin\AppData\Roaming\Python\Python314\site-packages\starlette\_exception_handler.py", line 42, in wrapped_app
    await app(scope, receive, sender)
  File "C:\Users\Sachin\AppData\Roaming\Python\Python314\site-packages\fastapi\routing.py", line 157, in app
    await func(session)
  File "C:\Users\Sachin\AppData\Roaming\Python\Python314\site-packages\fastapi\routing.py", line 764, in app
    await dependant.call(**solved_result.values)
  File "C:\Users\Sachin\OneDrive\Desktop\STOCKIT1\backend\app\api\routes.py", line 148, in stock_socket
    price = get_live_price(symbol)
  File "C:\Users\Sachin\OneDrive\Desktop\STOCKIT1\backend\app\services\market_data.py", line 125, in get_live_price
    if info.get("lastPrice"):
       ~~~~~~~~^^^^^^^^^^^^^
  File "C:\Users\Sachin\AppData\Roaming\Python\Python314\site-packages\yfinance\scrapers\quote.py", line 101, in get
    return self[key]
           ~~~~^^^^^
  File "C:\Users\Sachin\AppData\Roaming\Python\Python314\site-packages\yfinance\scrapers\quote.py", line 111, in __getitem__
    return getattr(self, k)
  File "C:\Users\Sachin\AppData\Roaming\Python\Python314\site-packages\yfinance\scrapers\quote.py", line 248, in last_price
    prices = self._get_1y_prices()
  File "C:\Users\Sachin\AppData\Roaming\Python\Python314\site-packages\yfinance\scrapers\quote.py", line 130, in _get_1y_prices
    self._prices_1y = self._tkr.history(period="1y", auto_adjust=False, keepna=True)
                      ~~~~~~~~~~~~~~~~~^^^^^^^^^^^^^^^^^^^^^^^^^^^^^^^^^^^^^^^^^^^^^
  File "C:\Users\Sachin\AppData\Roaming\Python\Python314\site-packages\yfinance\utils.py", line 95, in wrapper
    result = func(*args, **kwargs)
  File "C:\Users\Sachin\AppData\Roaming\Python\Python314\site-packages\yfinance\base.py", line 129, in history
    return self._lazy_load_price_history().history(*args, **kwargs)
           ~~~~~~~~~~~~~~~~~~~~~~~~~~~~~~~~~~~~~~~^^^^^^^^^^^^^^^^^
  File "C:\Users\Sachin\AppData\Roaming\Python\Python314\site-packages\yfinance\utils.py", line 95, in wrapper
    result = func(*args, **kwargs)
  File "C:\Users\Sachin\AppData\Roaming\Python\Python314\site-packages\yfinance\scrapers\history.py", line 224, in history
    if data['chart']['result'] is None:
       ~~~~^^^^^^^^^
TypeError: 'NoneType' object is not subscriptable
INFO:     127.0.0.1:52801 - "OPTIONS /api/predict/RELIANCE.NS HTTP/1.1" 200 OK
INFO:     connection open
INFO:     connection closed
INFO:     127.0.0.1:52472 - "GET /api/stock/RELIANCE.NS HTTP/1.1" 500 Internal Server Error
ERROR:    Exception in ASGI application
Traceback (most recent call last):
  File "C:\Users\Sachin\AppData\Roaming\Python\Python314\site-packages\uvicorn\protocols\http\h11_impl.py", line 410, in run_asgi
    result = await app(  # type: ignore[func-returns-value]
             ^^^^^^^^^^^^^^^^^^^^^^^^^^^^^^^^^^^^^^^^^^^^^^
        self.scope, self.receive, self.send
        ^^^^^^^^^^^^^^^^^^^^^^^^^^^^^^^^^^^
    )
    ^
  File "C:\Users\Sachin\AppData\Roaming\Python\Python314\site-packages\uvicorn\middleware\proxy_headers.py", line 60, in __call__
    return await self.app(scope, receive, send)
           ^^^^^^^^^^^^^^^^^^^^^^^^^^^^^^^^^^^^
  File "C:\Users\Sachin\AppData\Roaming\Python\Python314\site-packages\fastapi\applications.py", line 1159, in __call__
    await super().__call__(scope, receive, send)
  File "C:\Users\Sachin\AppData\Roaming\Python\Python314\site-packages\starlette\applications.py", line 90, in __call__
    await self.middleware_stack(scope, receive, send)
  File "C:\Users\Sachin\AppData\Roaming\Python\Python314\site-packages\starlette\middleware\errors.py", line 186, in __call__
    raise exc
  File "C:\Users\Sachin\AppData\Roaming\Python\Python314\site-packages\starlette\middleware\errors.py", line 164, in __call__
    await self.app(scope, receive, _send)
  File "C:\Users\Sachin\AppData\Roaming\Python\Python314\site-packages\starlette\middleware\cors.py", line 96, in __call__
    await self.simple_response(scope, receive, send, request_headers=headers)
  File "C:\Users\Sachin\AppData\Roaming\Python\Python314\site-packages\starlette\middleware\cors.py", line 154, in simple_response
    await self.app(scope, receive, send)
  File "C:\Users\Sachin\AppData\Roaming\Python\Python314\site-packages\starlette\middleware\exceptions.py", line 63, in __call__
    await wrap_app_handling_exceptions(self.app, conn)(scope, receive, send)
  File "C:\Users\Sachin\AppData\Roaming\Python\Python314\site-packages\starlette\_exception_handler.py", line 53, in wrapped_app
    raise exc
  File "C:\Users\Sachin\AppData\Roaming\Python\Python314\site-packages\starlette\_exception_handler.py", line 42, in wrapped_app
    await app(scope, receive, sender)
  File "C:\Users\Sachin\AppData\Roaming\Python\Python314\site-packages\fastapi\middleware\asyncexitstack.py", line 18, in __call__
    await self.app(scope, receive, send)
  File "C:\Users\Sachin\AppData\Roaming\Python\Python314\site-packages\starlette\routing.py", line 660, in __call__
    await self.middleware_stack(scope, receive, send)
  File "C:\Users\Sachin\AppData\Roaming\Python\Python314\site-packages\starlette\routing.py", line 680, in app
    await route.handle(scope, receive, send)
  File "C:\Users\Sachin\AppData\Roaming\Python\Python314\site-packages\starlette\routing.py", line 276, in handle
    await self.app(scope, receive, send)
  File "C:\Users\Sachin\AppData\Roaming\Python\Python314\site-packages\fastapi\routing.py", line 134, in app
    await wrap_app_handling_exceptions(app, request)(scope, receive, send)
  File "C:\Users\Sachin\AppData\Roaming\Python\Python314\site-packages\starlette\_exception_handler.py", line 53, in wrapped_app
    raise exc
  File "C:\Users\Sachin\AppData\Roaming\Python\Python314\site-packages\starlette\_exception_handler.py", line 42, in wrapped_app
    await app(scope, receive, sender)
  File "C:\Users\Sachin\AppData\Roaming\Python\Python314\site-packages\fastapi\routing.py", line 120, in app
    response = await f(request)
               ^^^^^^^^^^^^^^^^
  File "C:\Users\Sachin\AppData\Roaming\Python\Python314\site-packages\fastapi\routing.py", line 674, in app
    raw_response = await run_endpoint_function(
                   ^^^^^^^^^^^^^^^^^^^^^^^^^^^^
    ...<3 lines>...
    )
    ^
  File "C:\Users\Sachin\AppData\Roaming\Python\Python314\site-packages\fastapi\routing.py", line 330, in run_endpoint_function
    return await run_in_threadpool(dependant.call, **values)
           ^^^^^^^^^^^^^^^^^^^^^^^^^^^^^^^^^^^^^^^^^^^^^^^^^
  File "C:\Users\Sachin\AppData\Roaming\Python\Python314\site-packages\starlette\concurrency.py", line 32, in run_in_threadpool
    return await anyio.to_thread.run_sync(func)
           ^^^^^^^^^^^^^^^^^^^^^^^^^^^^^^^^^^^^
  File "C:\Users\Sachin\AppData\Roaming\Python\Python314\site-packages\anyio\to_thread.py", line 63, in run_sync
    return await get_async_backend().run_sync_in_worker_thread(
           ^^^^^^^^^^^^^^^^^^^^^^^^^^^^^^^^^^^^^^^^^^^^^^^^^^^^
        func, args, abandon_on_cancel=abandon_on_cancel, limiter=limiter
        ^^^^^^^^^^^^^^^^^^^^^^^^^^^^^^^^^^^^^^^^^^^^^^^^^^^^^^^^^^^^^^^^
    )
    ^
  File "C:\Users\Sachin\AppData\Roaming\Python\Python314\site-packages\anyio\_backends\_asyncio.py", line 2518, in run_sync_in_worker_thread
    return await future
           ^^^^^^^^^^^^
  File "C:\Users\Sachin\AppData\Roaming\Python\Python314\site-packages\anyio\_backends\_asyncio.py", line 1002, in run
    result = context.run(func, *args)
  File "C:\Users\Sachin\OneDrive\Desktop\STOCKIT1\backend\app\api\routes.py", line 82, in stock_details
    return get_stock_snapshot(symbol)
  File "C:\Users\Sachin\OneDrive\Desktop\STOCKIT1\backend\app\services\market_data.py", line 88, in get_stock_snapshot
    info, history = _prepare_history(symbol)
                    ~~~~~~~~~~~~~~~~^^^^^^^^
  File "C:\Users\Sachin\OneDrive\Desktop\STOCKIT1\backend\app\services\market_data.py", line 51, in _prepare_history
    history = ticker.history(period=period, interval=interval, auto_adjust=False)
  File "C:\Users\Sachin\AppData\Roaming\Python\Python314\site-packages\yfinance\utils.py", line 95, in wrapper
    result = func(*args, **kwargs)
  File "C:\Users\Sachin\AppData\Roaming\Python\Python314\site-packages\yfinance\base.py", line 129, in history
    return self._lazy_load_price_history().history(*args, **kwargs)
           ~~~~~~~~~~~~~~~~~~~~~~~~~~~~~~~~~~~~~~~^^^^^^^^^^^^^^^^^
  File "C:\Users\Sachin\AppData\Roaming\Python\Python314\site-packages\yfinance\utils.py", line 95, in wrapper
    result = func(*args, **kwargs)
  File "C:\Users\Sachin\AppData\Roaming\Python\Python314\site-packages\yfinance\scrapers\history.py", line 224, in history
    if data['chart']['result'] is None:
       ~~~~^^^^^^^^^
TypeError: 'NoneType' object is not subscriptable
INFO:     127.0.0.1:52842 - "GET /api/predict/RELIANCE.NS HTTP/1.1" 500 Internal Server Error
ERROR:    Exception in ASGI application
Traceback (most recent call last):
  File "C:\Users\Sachin\AppData\Roaming\Python\Python314\site-packages\uvicorn\protocols\http\h11_impl.py", line 410, in run_asgi
    result = await app(  # type: ignore[func-returns-value]
             ^^^^^^^^^^^^^^^^^^^^^^^^^^^^^^^^^^^^^^^^^^^^^^
        self.scope, self.receive, self.send
        ^^^^^^^^^^^^^^^^^^^^^^^^^^^^^^^^^^^
    )
    ^
  File "C:\Users\Sachin\AppData\Roaming\Python\Python314\site-packages\uvicorn\middleware\proxy_headers.py", line 60, in __call__
    return await self.app(scope, receive, send)
           ^^^^^^^^^^^^^^^^^^^^^^^^^^^^^^^^^^^^
  File "C:\Users\Sachin\AppData\Roaming\Python\Python314\site-packages\fastapi\applications.py", line 1159, in __call__
    await super().__call__(scope, receive, send)
  File "C:\Users\Sachin\AppData\Roaming\Python\Python314\site-packages\starlette\applications.py", line 90, in __call__
    await self.middleware_stack(scope, receive, send)
  File "C:\Users\Sachin\AppData\Roaming\Python\Python314\site-packages\starlette\middleware\errors.py", line 186, in __call__
    raise exc
  File "C:\Users\Sachin\AppData\Roaming\Python\Python314\site-packages\starlette\middleware\errors.py", line 164, in __call__
    await self.app(scope, receive, _send)
  File "C:\Users\Sachin\AppData\Roaming\Python\Python314\site-packages\starlette\middleware\cors.py", line 96, in __call__
    await self.simple_response(scope, receive, send, request_headers=headers)
  File "C:\Users\Sachin\AppData\Roaming\Python\Python314\site-packages\starlette\middleware\cors.py", line 154, in simple_response
    await self.app(scope, receive, send)
  File "C:\Users\Sachin\AppData\Roaming\Python\Python314\site-packages\starlette\middleware\exceptions.py", line 63, in __call__
    await wrap_app_handling_exceptions(self.app, conn)(scope, receive, send)
  File "C:\Users\Sachin\AppData\Roaming\Python\Python314\site-packages\starlette\_exception_handler.py", line 53, in wrapped_app
    raise exc
  File "C:\Users\Sachin\AppData\Roaming\Python\Python314\site-packages\starlette\_exception_handler.py", line 42, in wrapped_app
    await app(scope, receive, sender)
  File "C:\Users\Sachin\AppData\Roaming\Python\Python314\site-packages\fastapi\middleware\asyncexitstack.py", line 18, in __call__
    await self.app(scope, receive, send)
  File "C:\Users\Sachin\AppData\Roaming\Python\Python314\site-packages\starlette\routing.py", line 660, in __call__
    await self.middleware_stack(scope, receive, send)
  File "C:\Users\Sachin\AppData\Roaming\Python\Python314\site-packages\starlette\routing.py", line 680, in app
    await route.handle(scope, receive, send)
  File "C:\Users\Sachin\AppData\Roaming\Python\Python314\site-packages\starlette\routing.py", line 276, in handle
    await self.app(scope, receive, send)
  File "C:\Users\Sachin\AppData\Roaming\Python\Python314\site-packages\fastapi\routing.py", line 134, in app
    await wrap_app_handling_exceptions(app, request)(scope, receive, send)
  File "C:\Users\Sachin\AppData\Roaming\Python\Python314\site-packages\starlette\_exception_handler.py", line 53, in wrapped_app
    raise exc
  File "C:\Users\Sachin\AppData\Roaming\Python\Python314\site-packages\starlette\_exception_handler.py", line 42, in wrapped_app
    await app(scope, receive, sender)
  File "C:\Users\Sachin\AppData\Roaming\Python\Python314\site-packages\fastapi\routing.py", line 120, in app
    response = await f(request)
               ^^^^^^^^^^^^^^^^
  File "C:\Users\Sachin\AppData\Roaming\Python\Python314\site-packages\fastapi\routing.py", line 674, in app
    raw_response = await run_endpoint_function(
                   ^^^^^^^^^^^^^^^^^^^^^^^^^^^^
    ...<3 lines>...
    )
    ^
  File "C:\Users\Sachin\AppData\Roaming\Python\Python314\site-packages\fastapi\routing.py", line 330, in run_endpoint_function
    return await run_in_threadpool(dependant.call, **values)
           ^^^^^^^^^^^^^^^^^^^^^^^^^^^^^^^^^^^^^^^^^^^^^^^^^
  File "C:\Users\Sachin\AppData\Roaming\Python\Python314\site-packages\starlette\concurrency.py", line 32, in run_in_threadpool
    return await anyio.to_thread.run_sync(func)
           ^^^^^^^^^^^^^^^^^^^^^^^^^^^^^^^^^^^^
  File "C:\Users\Sachin\AppData\Roaming\Python\Python314\site-packages\anyio\to_thread.py", line 63, in run_sync
    return await get_async_backend().run_sync_in_worker_thread(
           ^^^^^^^^^^^^^^^^^^^^^^^^^^^^^^^^^^^^^^^^^^^^^^^^^^^^
        func, args, abandon_on_cancel=abandon_on_cancel, limiter=limiter
        ^^^^^^^^^^^^^^^^^^^^^^^^^^^^^^^^^^^^^^^^^^^^^^^^^^^^^^^^^^^^^^^^
    )
    ^
  File "C:\Users\Sachin\AppData\Roaming\Python\Python314\site-packages\anyio\_backends\_asyncio.py", line 2518, in run_sync_in_worker_thread
    return await future
           ^^^^^^^^^^^^
  File "C:\Users\Sachin\AppData\Roaming\Python\Python314\site-packages\anyio\_backends\_asyncio.py", line 1002, in run
    result = context.run(func, *args)
  File "C:\Users\Sachin\OneDrive\Desktop\STOCKIT1\backend\app\api\routes.py", line 90, in predict_price
    history = yf.Ticker(symbol).history(period="6mo", interval="1d", auto_adjust=False)
  File "C:\Users\Sachin\AppData\Roaming\Python\Python314\site-packages\yfinance\utils.py", line 95, in wrapper
    result = func(*args, **kwargs)
  File "C:\Users\Sachin\AppData\Roaming\Python\Python314\site-packages\yfinance\base.py", line 129, in history
    return self._lazy_load_price_history().history(*args, **kwargs)
           ~~~~~~~~~~~~~~~~~~~~~~~~~~~~~~~~~~~~~~~^^^^^^^^^^^^^^^^^
  File "C:\Users\Sachin\AppData\Roaming\Python\Python314\site-packages\yfinance\utils.py", line 95, in wrapper
    result = func(*args, **kwargs)
  File "C:\Users\Sachin\AppData\Roaming\Python\Python314\site-packages\yfinance\scrapers\history.py", line 224, in history
    if data['chart']['result'] is None:
       ~~~~^^^^^^^^^
TypeError: 'NoneType' object is not subscriptable
INFO:     127.0.0.1:52801 - "GET /api/stock/RELIANCE.NS HTTP/1.1" 500 Internal Server Error
ERROR:    Exception in ASGI application
Traceback (most recent call last):
  File "C:\Users\Sachin\AppData\Roaming\Python\Python314\site-packages\uvicorn\protocols\http\h11_impl.py", line 410, in run_asgi
    result = await app(  # type: ignore[func-returns-value]
             ^^^^^^^^^^^^^^^^^^^^^^^^^^^^^^^^^^^^^^^^^^^^^^
        self.scope, self.receive, self.send
        ^^^^^^^^^^^^^^^^^^^^^^^^^^^^^^^^^^^
    )
    ^
  File "C:\Users\Sachin\AppData\Roaming\Python\Python314\site-packages\uvicorn\middleware\proxy_headers.py", line 60, in __call__
    return await self.app(scope, receive, send)
           ^^^^^^^^^^^^^^^^^^^^^^^^^^^^^^^^^^^^
  File "C:\Users\Sachin\AppData\Roaming\Python\Python314\site-packages\fastapi\applications.py", line 1159, in __call__
    await super().__call__(scope, receive, send)
  File "C:\Users\Sachin\AppData\Roaming\Python\Python314\site-packages\starlette\applications.py", line 90, in __call__
    await self.middleware_stack(scope, receive, send)
  File "C:\Users\Sachin\AppData\Roaming\Python\Python314\site-packages\starlette\middleware\errors.py", line 186, in __call__
    raise exc
  File "C:\Users\Sachin\AppData\Roaming\Python\Python314\site-packages\starlette\middleware\errors.py", line 164, in __call__
    await self.app(scope, receive, _send)
  File "C:\Users\Sachin\AppData\Roaming\Python\Python314\site-packages\starlette\middleware\cors.py", line 96, in __call__
    await self.simple_response(scope, receive, send, request_headers=headers)
  File "C:\Users\Sachin\AppData\Roaming\Python\Python314\site-packages\starlette\middleware\cors.py", line 154, in simple_response
    await self.app(scope, receive, send)
  File "C:\Users\Sachin\AppData\Roaming\Python\Python314\site-packages\starlette\middleware\exceptions.py", line 63, in __call__
    await wrap_app_handling_exceptions(self.app, conn)(scope, receive, send)
  File "C:\Users\Sachin\AppData\Roaming\Python\Python314\site-packages\starlette\_exception_handler.py", line 53, in wrapped_app
    raise exc
  File "C:\Users\Sachin\AppData\Roaming\Python\Python314\site-packages\starlette\_exception_handler.py", line 42, in wrapped_app
    await app(scope, receive, sender)
  File "C:\Users\Sachin\AppData\Roaming\Python\Python314\site-packages\fastapi\middleware\asyncexitstack.py", line 18, in __call__
    await self.app(scope, receive, send)
  File "C:\Users\Sachin\AppData\Roaming\Python\Python314\site-packages\starlette\routing.py", line 660, in __call__
    await self.middleware_stack(scope, receive, send)
  File "C:\Users\Sachin\AppData\Roaming\Python\Python314\site-packages\starlette\routing.py", line 680, in app
    await route.handle(scope, receive, send)
  File "C:\Users\Sachin\AppData\Roaming\Python\Python314\site-packages\starlette\routing.py", line 276, in handle
    await self.app(scope, receive, send)
  File "C:\Users\Sachin\AppData\Roaming\Python\Python314\site-packages\fastapi\routing.py", line 134, in app
    await wrap_app_handling_exceptions(app, request)(scope, receive, send)
  File "C:\Users\Sachin\AppData\Roaming\Python\Python314\site-packages\starlette\_exception_handler.py", line 53, in wrapped_app
    raise exc
  File "C:\Users\Sachin\AppData\Roaming\Python\Python314\site-packages\starlette\_exception_handler.py", line 42, in wrapped_app
    await app(scope, receive, sender)
  File "C:\Users\Sachin\AppData\Roaming\Python\Python314\site-packages\fastapi\routing.py", line 120, in app
    response = await f(request)
               ^^^^^^^^^^^^^^^^
  File "C:\Users\Sachin\AppData\Roaming\Python\Python314\site-packages\fastapi\routing.py", line 674, in app
    raw_response = await run_endpoint_function(
                   ^^^^^^^^^^^^^^^^^^^^^^^^^^^^
    ...<3 lines>...
    )
    ^
  File "C:\Users\Sachin\AppData\Roaming\Python\Python314\site-packages\fastapi\routing.py", line 330, in run_endpoint_function
    return await run_in_threadpool(dependant.call, **values)
           ^^^^^^^^^^^^^^^^^^^^^^^^^^^^^^^^^^^^^^^^^^^^^^^^^
  File "C:\Users\Sachin\AppData\Roaming\Python\Python314\site-packages\starlette\concurrency.py", line 32, in run_in_threadpool
    return await anyio.to_thread.run_sync(func)
           ^^^^^^^^^^^^^^^^^^^^^^^^^^^^^^^^^^^^
  File "C:\Users\Sachin\AppData\Roaming\Python\Python314\site-packages\anyio\to_thread.py", line 63, in run_sync
    return await get_async_backend().run_sync_in_worker_thread(
           ^^^^^^^^^^^^^^^^^^^^^^^^^^^^^^^^^^^^^^^^^^^^^^^^^^^^
        func, args, abandon_on_cancel=abandon_on_cancel, limiter=limiter
        ^^^^^^^^^^^^^^^^^^^^^^^^^^^^^^^^^^^^^^^^^^^^^^^^^^^^^^^^^^^^^^^^
    )
    ^
  File "C:\Users\Sachin\AppData\Roaming\Python\Python314\site-packages\anyio\_backends\_asyncio.py", line 2518, in run_sync_in_worker_thread
    return await future
           ^^^^^^^^^^^^
  File "C:\Users\Sachin\AppData\Roaming\Python\Python314\site-packages\anyio\_backends\_asyncio.py", line 1002, in run
    result = context.run(func, *args)
  File "C:\Users\Sachin\OneDrive\Desktop\STOCKIT1\backend\app\api\routes.py", line 82, in stock_details
    return get_stock_snapshot(symbol)
  File "C:\Users\Sachin\OneDrive\Desktop\STOCKIT1\backend\app\services\market_data.py", line 88, in get_stock_snapshot
    info, history = _prepare_history(symbol)
                    ~~~~~~~~~~~~~~~~^^^^^^^^
  File "C:\Users\Sachin\OneDrive\Desktop\STOCKIT1\backend\app\services\market_data.py", line 51, in _prepare_history
    history = ticker.history(period=period, interval=interval, auto_adjust=False)
  File "C:\Users\Sachin\AppData\Roaming\Python\Python314\site-packages\yfinance\utils.py", line 95, in wrapper
    result = func(*args, **kwargs)
  File "C:\Users\Sachin\AppData\Roaming\Python\Python314\site-packages\yfinance\base.py", line 129, in history
    return self._lazy_load_price_history().history(*args, **kwargs)
           ~~~~~~~~~~~~~~~~~~~~~~~~~~~~~~~~~~~~~~~^^^^^^^^^^^^^^^^^
  File "C:\Users\Sachin\AppData\Roaming\Python\Python314\site-packages\yfinance\utils.py", line 95, in wrapper
    result = func(*args, **kwargs)
  File "C:\Users\Sachin\AppData\Roaming\Python\Python314\site-packages\yfinance\scrapers\history.py", line 224, in history
    if data['chart']['result'] is None:
       ~~~~^^^^^^^^^
TypeError: 'NoneType' object is not subscriptable
INFO:     127.0.0.1:51816 - "GET /api/predict/RELIANCE.NS HTTP/1.1" 500 Internal Server Error
ERROR:    Exception in ASGI application
Traceback (most recent call last):
  File "C:\Users\Sachin\AppData\Roaming\Python\Python314\site-packages\uvicorn\protocols\http\h11_impl.py", line 410, in run_asgi
    result = await app(  # type: ignore[func-returns-value]
             ^^^^^^^^^^^^^^^^^^^^^^^^^^^^^^^^^^^^^^^^^^^^^^
        self.scope, self.receive, self.send
        ^^^^^^^^^^^^^^^^^^^^^^^^^^^^^^^^^^^
    )
    ^
  File "C:\Users\Sachin\AppData\Roaming\Python\Python314\site-packages\uvicorn\middleware\proxy_headers.py", line 60, in __call__
    return await self.app(scope, receive, send)
           ^^^^^^^^^^^^^^^^^^^^^^^^^^^^^^^^^^^^
  File "C:\Users\Sachin\AppData\Roaming\Python\Python314\site-packages\fastapi\applications.py", line 1159, in __call__
    await super().__call__(scope, receive, send)
  File "C:\Users\Sachin\AppData\Roaming\Python\Python314\site-packages\starlette\applications.py", line 90, in __call__
    await self.middleware_stack(scope, receive, send)
  File "C:\Users\Sachin\AppData\Roaming\Python\Python314\site-packages\starlette\middleware\errors.py", line 186, in __call__
    raise exc
  File "C:\Users\Sachin\AppData\Roaming\Python\Python314\site-packages\starlette\middleware\errors.py", line 164, in __call__
    await self.app(scope, receive, _send)
  File "C:\Users\Sachin\AppData\Roaming\Python\Python314\site-packages\starlette\middleware\cors.py", line 96, in __call__
    await self.simple_response(scope, receive, send, request_headers=headers)
  File "C:\Users\Sachin\AppData\Roaming\Python\Python314\site-packages\starlette\middleware\cors.py", line 154, in simple_response
    await self.app(scope, receive, send)
  File "C:\Users\Sachin\AppData\Roaming\Python\Python314\site-packages\starlette\middleware\exceptions.py", line 63, in __call__
    await wrap_app_handling_exceptions(self.app, conn)(scope, receive, send)
  File "C:\Users\Sachin\AppData\Roaming\Python\Python314\site-packages\starlette\_exception_handler.py", line 53, in wrapped_app
    raise exc
  File "C:\Users\Sachin\AppData\Roaming\Python\Python314\site-packages\starlette\_exception_handler.py", line 42, in wrapped_app
    await app(scope, receive, sender)
  File "C:\Users\Sachin\AppData\Roaming\Python\Python314\site-packages\fastapi\middleware\asyncexitstack.py", line 18, in __call__
    await self.app(scope, receive, send)
  File "C:\Users\Sachin\AppData\Roaming\Python\Python314\site-packages\starlette\routing.py", line 660, in __call__
    await self.middleware_stack(scope, receive, send)
  File "C:\Users\Sachin\AppData\Roaming\Python\Python314\site-packages\starlette\routing.py", line 680, in app
    await route.handle(scope, receive, send)
  File "C:\Users\Sachin\AppData\Roaming\Python\Python314\site-packages\starlette\routing.py", line 276, in handle
    await self.app(scope, receive, send)
  File "C:\Users\Sachin\AppData\Roaming\Python\Python314\site-packages\fastapi\routing.py", line 134, in app
    await wrap_app_handling_exceptions(app, request)(scope, receive, send)
  File "C:\Users\Sachin\AppData\Roaming\Python\Python314\site-packages\starlette\_exception_handler.py", line 53, in wrapped_app
    raise exc
  File "C:\Users\Sachin\AppData\Roaming\Python\Python314\site-packages\starlette\_exception_handler.py", line 42, in wrapped_app
    await app(scope, receive, sender)
  File "C:\Users\Sachin\AppData\Roaming\Python\Python314\site-packages\fastapi\routing.py", line 120, in app
    response = await f(request)
               ^^^^^^^^^^^^^^^^
  File "C:\Users\Sachin\AppData\Roaming\Python\Python314\site-packages\fastapi\routing.py", line 674, in app
    raw_response = await run_endpoint_function(
                   ^^^^^^^^^^^^^^^^^^^^^^^^^^^^
    ...<3 lines>...
    )
    ^
  File "C:\Users\Sachin\AppData\Roaming\Python\Python314\site-packages\fastapi\routing.py", line 330, in run_endpoint_function
    return await run_in_threadpool(dependant.call, **values)
           ^^^^^^^^^^^^^^^^^^^^^^^^^^^^^^^^^^^^^^^^^^^^^^^^^
  File "C:\Users\Sachin\AppData\Roaming\Python\Python314\site-packages\starlette\concurrency.py", line 32, in run_in_threadpool
    return await anyio.to_thread.run_sync(func)
           ^^^^^^^^^^^^^^^^^^^^^^^^^^^^^^^^^^^^
  File "C:\Users\Sachin\AppData\Roaming\Python\Python314\site-packages\anyio\to_thread.py", line 63, in run_sync
    return await get_async_backend().run_sync_in_worker_thread(
           ^^^^^^^^^^^^^^^^^^^^^^^^^^^^^^^^^^^^^^^^^^^^^^^^^^^^
        func, args, abandon_on_cancel=abandon_on_cancel, limiter=limiter
        ^^^^^^^^^^^^^^^^^^^^^^^^^^^^^^^^^^^^^^^^^^^^^^^^^^^^^^^^^^^^^^^^
    )
    ^
  File "C:\Users\Sachin\AppData\Roaming\Python\Python314\site-packages\anyio\_backends\_asyncio.py", line 2518, in run_sync_in_worker_thread
    return await future
           ^^^^^^^^^^^^
  File "C:\Users\Sachin\AppData\Roaming\Python\Python314\site-packages\anyio\_backends\_asyncio.py", line 1002, in run
    result = context.run(func, *args)
  File "C:\Users\Sachin\OneDrive\Desktop\STOCKIT1\backend\app\api\routes.py", line 90, in predict_price
    history = yf.Ticker(symbol).history(period="6mo", interval="1d", auto_adjust=False)
  File "C:\Users\Sachin\AppData\Roaming\Python\Python314\site-packages\yfinance\utils.py", line 95, in wrapper
    result = func(*args, **kwargs)
  File "C:\Users\Sachin\AppData\Roaming\Python\Python314\site-packages\yfinance\base.py", line 129, in history
    return self._lazy_load_price_history().history(*args, **kwargs)
           ~~~~~~~~~~~~~~~~~~~~~~~~~~~~~~~~~~~~~~~^^^^^^^^^^^^^^^^^
  File "C:\Users\Sachin\AppData\Roaming\Python\Python314\site-packages\yfinance\utils.py", line 95, in wrapper
    result = func(*args, **kwargs)
  File "C:\Users\Sachin\AppData\Roaming\Python\Python314\site-packages\yfinance\scrapers\history.py", line 224, in history
    if data['chart']['result'] is None:
       ~~~~^^^^^^^^^
TypeError: 'NoneType' object is not subscriptable
INFO:     127.0.0.1:53530 - "OPTIONS /api/search?query= HTTP/1.1" 200 OK
INFO:     127.0.0.1:53530 - "GET /api/search?query= HTTP/1.1" 200 OK
INFO:     127.0.0.1:56011 - "WebSocket /api/ws/RELIANCE.NS" [accepted]
ERROR:    Exception in ASGI application
Traceback (most recent call last):
  File "C:\Users\Sachin\AppData\Roaming\Python\Python314\site-packages\uvicorn\protocols\websockets\websockets_impl.py", line 244, in run_asgi
    result = await self.app(self.scope, self.asgi_receive, self.asgi_send)  # type: ignore[func-returns-value]
             ^^^^^^^^^^^^^^^^^^^^^^^^^^^^^^^^^^^^^^^^^^^^^^^^^^^^^^^^^^^^^
  File "C:\Users\Sachin\AppData\Roaming\Python\Python314\site-packages\uvicorn\middleware\proxy_headers.py", line 60, in __call__
    return await self.app(scope, receive, send)
           ^^^^^^^^^^^^^^^^^^^^^^^^^^^^^^^^^^^^
  File "C:\Users\Sachin\AppData\Roaming\Python\Python314\site-packages\fastapi\applications.py", line 1159, in __call__
    await super().__call__(scope, receive, send)
  File "C:\Users\Sachin\AppData\Roaming\Python\Python314\site-packages\starlette\applications.py", line 90, in __call__
    await self.middleware_stack(scope, receive, send)
  File "C:\Users\Sachin\AppData\Roaming\Python\Python314\site-packages\starlette\middleware\errors.py", line 151, in __call__
    await self.app(scope, receive, send)
  File "C:\Users\Sachin\AppData\Roaming\Python\Python314\site-packages\starlette\middleware\cors.py", line 80, in __call__
    await self.app(scope, receive, send)
  File "C:\Users\Sachin\AppData\Roaming\Python\Python314\site-packages\starlette\middleware\exceptions.py", line 63, in __call__
    await wrap_app_handling_exceptions(self.app, conn)(scope, receive, send)
  File "C:\Users\Sachin\AppData\Roaming\Python\Python314\site-packages\starlette\_exception_handler.py", line 53, in wrapped_app
    raise exc
  File "C:\Users\Sachin\AppData\Roaming\Python\Python314\site-packages\starlette\_exception_handler.py", line 42, in wrapped_app
    await app(scope, receive, sender)
  File "C:\Users\Sachin\AppData\Roaming\Python\Python314\site-packages\fastapi\middleware\asyncexitstack.py", line 18, in __call__
    await self.app(scope, receive, send)
  File "C:\Users\Sachin\AppData\Roaming\Python\Python314\site-packages\starlette\routing.py", line 660, in __call__
    await self.middleware_stack(scope, receive, send)
  File "C:\Users\Sachin\AppData\Roaming\Python\Python314\site-packages\starlette\routing.py", line 680, in app
    await route.handle(scope, receive, send)
  File "C:\Users\Sachin\AppData\Roaming\Python\Python314\site-packages\starlette\routing.py", line 350, in handle
    await self.app(scope, receive, send)
  File "C:\Users\Sachin\AppData\Roaming\Python\Python314\site-packages\fastapi\routing.py", line 160, in app
    await wrap_app_handling_exceptions(app, session)(scope, receive, send)
  File "C:\Users\Sachin\AppData\Roaming\Python\Python314\site-packages\starlette\_exception_handler.py", line 53, in wrapped_app
    raise exc
  File "C:\Users\Sachin\AppData\Roaming\Python\Python314\site-packages\starlette\_exception_handler.py", line 42, in wrapped_app
    await app(scope, receive, sender)
  File "C:\Users\Sachin\AppData\Roaming\Python\Python314\site-packages\fastapi\routing.py", line 157, in app
    await func(session)
  File "C:\Users\Sachin\AppData\Roaming\Python\Python314\site-packages\fastapi\routing.py", line 764, in app
    await dependant.call(**solved_result.values)
  File "C:\Users\Sachin\OneDrive\Desktop\STOCKIT1\backend\app\api\routes.py", line 148, in stock_socket
    price = get_live_price(symbol)
  File "C:\Users\Sachin\OneDrive\Desktop\STOCKIT1\backend\app\services\market_data.py", line 125, in get_live_price
    if info.get("lastPrice"):
       ~~~~~~~~^^^^^^^^^^^^^
  File "C:\Users\Sachin\AppData\Roaming\Python\Python314\site-packages\yfinance\scrapers\quote.py", line 101, in get
    return self[key]
           ~~~~^^^^^
  File "C:\Users\Sachin\AppData\Roaming\Python\Python314\site-packages\yfinance\scrapers\quote.py", line 111, in __getitem__
    return getattr(self, k)
  File "C:\Users\Sachin\AppData\Roaming\Python\Python314\site-packages\yfinance\scrapers\quote.py", line 248, in last_price
    prices = self._get_1y_prices()
  File "C:\Users\Sachin\AppData\Roaming\Python\Python314\site-packages\yfinance\scrapers\quote.py", line 130, in _get_1y_prices
    self._prices_1y = self._tkr.history(period="1y", auto_adjust=False, keepna=True)
                      ~~~~~~~~~~~~~~~~~^^^^^^^^^^^^^^^^^^^^^^^^^^^^^^^^^^^^^^^^^^^^^
  File "C:\Users\Sachin\AppData\Roaming\Python\Python314\site-packages\yfinance\utils.py", line 95, in wrapper
    result = func(*args, **kwargs)
  File "C:\Users\Sachin\AppData\Roaming\Python\Python314\site-packages\yfinance\base.py", line 129, in history
    return self._lazy_load_price_history().history(*args, **kwargs)
           ~~~~~~~~~~~~~~~~~~~~~~~~~~~~~~~~~~~~~~~^^^^^^^^^^^^^^^^^
  File "C:\Users\Sachin\AppData\Roaming\Python\Python314\site-packages\yfinance\utils.py", line 95, in wrapper
    result = func(*args, **kwargs)
  File "C:\Users\Sachin\AppData\Roaming\Python\Python314\site-packages\yfinance\scrapers\history.py", line 224, in history
    if data['chart']['result'] is None:
       ~~~~^^^^^^^^^
TypeError: 'NoneType' object is not subscriptable
INFO:     connection open
INFO:     127.0.0.1:63931 - "GET /api/stock/RELIANCE.NS HTTP/1.1" 500 Internal Server Error
ERROR:    Exception in ASGI application
Traceback (most recent call last):
  File "C:\Users\Sachin\AppData\Roaming\Python\Python314\site-packages\uvicorn\protocols\http\h11_impl.py", line 410, in run_asgi
    result = await app(  # type: ignore[func-returns-value]
             ^^^^^^^^^^^^^^^^^^^^^^^^^^^^^^^^^^^^^^^^^^^^^^
        self.scope, self.receive, self.send
        ^^^^^^^^^^^^^^^^^^^^^^^^^^^^^^^^^^^
    )
    ^
  File "C:\Users\Sachin\AppData\Roaming\Python\Python314\site-packages\uvicorn\middleware\proxy_headers.py", line 60, in __call__
    return await self.app(scope, receive, send)
           ^^^^^^^^^^^^^^^^^^^^^^^^^^^^^^^^^^^^
  File "C:\Users\Sachin\AppData\Roaming\Python\Python314\site-packages\fastapi\applications.py", line 1159, in __call__
    await super().__call__(scope, receive, send)
  File "C:\Users\Sachin\AppData\Roaming\Python\Python314\site-packages\starlette\applications.py", line 90, in __call__
    await self.middleware_stack(scope, receive, send)
  File "C:\Users\Sachin\AppData\Roaming\Python\Python314\site-packages\starlette\middleware\errors.py", line 186, in __call__
    raise exc
  File "C:\Users\Sachin\AppData\Roaming\Python\Python314\site-packages\starlette\middleware\errors.py", line 164, in __call__
    await self.app(scope, receive, _send)
  File "C:\Users\Sachin\AppData\Roaming\Python\Python314\site-packages\starlette\middleware\cors.py", line 96, in __call__
    await self.simple_response(scope, receive, send, request_headers=headers)
  File "C:\Users\Sachin\AppData\Roaming\Python\Python314\site-packages\starlette\middleware\cors.py", line 154, in simple_response
    await self.app(scope, receive, send)
  File "C:\Users\Sachin\AppData\Roaming\Python\Python314\site-packages\starlette\middleware\exceptions.py", line 63, in __call__
    await wrap_app_handling_exceptions(self.app, conn)(scope, receive, send)
  File "C:\Users\Sachin\AppData\Roaming\Python\Python314\site-packages\starlette\_exception_handler.py", line 53, in wrapped_app
    raise exc
  File "C:\Users\Sachin\AppData\Roaming\Python\Python314\site-packages\starlette\_exception_handler.py", line 42, in wrapped_app
    await app(scope, receive, sender)
  File "C:\Users\Sachin\AppData\Roaming\Python\Python314\site-packages\fastapi\middleware\asyncexitstack.py", line 18, in __call__
    await self.app(scope, receive, send)
  File "C:\Users\Sachin\AppData\Roaming\Python\Python314\site-packages\starlette\routing.py", line 660, in __call__
    await self.middleware_stack(scope, receive, send)
  File "C:\Users\Sachin\AppData\Roaming\Python\Python314\site-packages\starlette\routing.py", line 680, in app
    await route.handle(scope, receive, send)
  File "C:\Users\Sachin\AppData\Roaming\Python\Python314\site-packages\starlette\routing.py", line 276, in handle
    await self.app(scope, receive, send)
  File "C:\Users\Sachin\AppData\Roaming\Python\Python314\site-packages\fastapi\routing.py", line 134, in app
    await wrap_app_handling_exceptions(app, request)(scope, receive, send)
  File "C:\Users\Sachin\AppData\Roaming\Python\Python314\site-packages\starlette\_exception_handler.py", line 53, in wrapped_app
    raise exc
  File "C:\Users\Sachin\AppData\Roaming\Python\Python314\site-packages\starlette\_exception_handler.py", line 42, in wrapped_app
    await app(scope, receive, sender)
  File "C:\Users\Sachin\AppData\Roaming\Python\Python314\site-packages\fastapi\routing.py", line 120, in app
    response = await f(request)
               ^^^^^^^^^^^^^^^^
  File "C:\Users\Sachin\AppData\Roaming\Python\Python314\site-packages\fastapi\routing.py", line 674, in app
    raw_response = await run_endpoint_function(
                   ^^^^^^^^^^^^^^^^^^^^^^^^^^^^
    ...<3 lines>...
    )
    ^
  File "C:\Users\Sachin\AppData\Roaming\Python\Python314\site-packages\fastapi\routing.py", line 330, in run_endpoint_function
    return await run_in_threadpool(dependant.call, **values)
           ^^^^^^^^^^^^^^^^^^^^^^^^^^^^^^^^^^^^^^^^^^^^^^^^^
  File "C:\Users\Sachin\AppData\Roaming\Python\Python314\site-packages\starlette\concurrency.py", line 32, in run_in_threadpool
    return await anyio.to_thread.run_sync(func)
           ^^^^^^^^^^^^^^^^^^^^^^^^^^^^^^^^^^^^
  File "C:\Users\Sachin\AppData\Roaming\Python\Python314\site-packages\anyio\to_thread.py", line 63, in run_sync
    return await get_async_backend().run_sync_in_worker_thread(
           ^^^^^^^^^^^^^^^^^^^^^^^^^^^^^^^^^^^^^^^^^^^^^^^^^^^^
        func, args, abandon_on_cancel=abandon_on_cancel, limiter=limiter
        ^^^^^^^^^^^^^^^^^^^^^^^^^^^^^^^^^^^^^^^^^^^^^^^^^^^^^^^^^^^^^^^^
    )
    ^
  File "C:\Users\Sachin\AppData\Roaming\Python\Python314\site-packages\anyio\_backends\_asyncio.py", line 2518, in run_sync_in_worker_thread
    return await future
           ^^^^^^^^^^^^
  File "C:\Users\Sachin\AppData\Roaming\Python\Python314\site-packages\anyio\_backends\_asyncio.py", line 1002, in run
    result = context.run(func, *args)
  File "C:\Users\Sachin\OneDrive\Desktop\STOCKIT1\backend\app\api\routes.py", line 82, in stock_details
    return get_stock_snapshot(symbol)
  File "C:\Users\Sachin\OneDrive\Desktop\STOCKIT1\backend\app\services\market_data.py", line 88, in get_stock_snapshot
    info, history = _prepare_history(symbol)
                    ~~~~~~~~~~~~~~~~^^^^^^^^
  File "C:\Users\Sachin\OneDrive\Desktop\STOCKIT1\backend\app\services\market_data.py", line 51, in _prepare_history
    history = ticker.history(period=period, interval=interval, auto_adjust=False)
  File "C:\Users\Sachin\AppData\Roaming\Python\Python314\site-packages\yfinance\utils.py", line 95, in wrapper
    result = func(*args, **kwargs)
  File "C:\Users\Sachin\AppData\Roaming\Python\Python314\site-packages\yfinance\base.py", line 129, in history
    return self._lazy_load_price_history().history(*args, **kwargs)
           ~~~~~~~~~~~~~~~~~~~~~~~~~~~~~~~~~~~~~~~^^^^^^^^^^^^^^^^^
  File "C:\Users\Sachin\AppData\Roaming\Python\Python314\site-packages\yfinance\utils.py", line 95, in wrapper
    result = func(*args, **kwargs)
  File "C:\Users\Sachin\AppData\Roaming\Python\Python314\site-packages\yfinance\scrapers\history.py", line 224, in history
    if data['chart']['result'] is None:
       ~~~~^^^^^^^^^
TypeError: 'NoneType' object is not subscriptable
INFO:     127.0.0.1:52321 - "GET /api/predict/RELIANCE.NS HTTP/1.1" 500 Internal Server Error
ERROR:    Exception in ASGI application
Traceback (most recent call last):
  File "C:\Users\Sachin\AppData\Roaming\Python\Python314\site-packages\uvicorn\protocols\http\h11_impl.py", line 410, in run_asgi
    result = await app(  # type: ignore[func-returns-value]
             ^^^^^^^^^^^^^^^^^^^^^^^^^^^^^^^^^^^^^^^^^^^^^^
        self.scope, self.receive, self.send
        ^^^^^^^^^^^^^^^^^^^^^^^^^^^^^^^^^^^
    )
    ^
  File "C:\Users\Sachin\AppData\Roaming\Python\Python314\site-packages\uvicorn\middleware\proxy_headers.py", line 60, in __call__
    return await self.app(scope, receive, send)
           ^^^^^^^^^^^^^^^^^^^^^^^^^^^^^^^^^^^^
  File "C:\Users\Sachin\AppData\Roaming\Python\Python314\site-packages\fastapi\applications.py", line 1159, in __call__
    await super().__call__(scope, receive, send)
  File "C:\Users\Sachin\AppData\Roaming\Python\Python314\site-packages\starlette\applications.py", line 90, in __call__
    await self.middleware_stack(scope, receive, send)
  File "C:\Users\Sachin\AppData\Roaming\Python\Python314\site-packages\starlette\middleware\errors.py", line 186, in __call__
    raise exc
  File "C:\Users\Sachin\AppData\Roaming\Python\Python314\site-packages\starlette\middleware\errors.py", line 164, in __call__
    await self.app(scope, receive, _send)
  File "C:\Users\Sachin\AppData\Roaming\Python\Python314\site-packages\starlette\middleware\cors.py", line 96, in __call__
    await self.simple_response(scope, receive, send, request_headers=headers)
  File "C:\Users\Sachin\AppData\Roaming\Python\Python314\site-packages\starlette\middleware\cors.py", line 154, in simple_response
    await self.app(scope, receive, send)
  File "C:\Users\Sachin\AppData\Roaming\Python\Python314\site-packages\starlette\middleware\exceptions.py", line 63, in __call__
    await wrap_app_handling_exceptions(self.app, conn)(scope, receive, send)
  File "C:\Users\Sachin\AppData\Roaming\Python\Python314\site-packages\starlette\_exception_handler.py", line 53, in wrapped_app
    raise exc
  File "C:\Users\Sachin\AppData\Roaming\Python\Python314\site-packages\starlette\_exception_handler.py", line 42, in wrapped_app
    await app(scope, receive, sender)
  File "C:\Users\Sachin\AppData\Roaming\Python\Python314\site-packages\fastapi\middleware\asyncexitstack.py", line 18, in __call__
    await self.app(scope, receive, send)
  File "C:\Users\Sachin\AppData\Roaming\Python\Python314\site-packages\starlette\routing.py", line 660, in __call__
    await self.middleware_stack(scope, receive, send)
  File "C:\Users\Sachin\AppData\Roaming\Python\Python314\site-packages\starlette\routing.py", line 680, in app
    await route.handle(scope, receive, send)
  File "C:\Users\Sachin\AppData\Roaming\Python\Python314\site-packages\starlette\routing.py", line 276, in handle
    await self.app(scope, receive, send)
  File "C:\Users\Sachin\AppData\Roaming\Python\Python314\site-packages\fastapi\routing.py", line 134, in app
    await wrap_app_handling_exceptions(app, request)(scope, receive, send)
  File "C:\Users\Sachin\AppData\Roaming\Python\Python314\site-packages\starlette\_exception_handler.py", line 53, in wrapped_app
    raise exc
  File "C:\Users\Sachin\AppData\Roaming\Python\Python314\site-packages\starlette\_exception_handler.py", line 42, in wrapped_app
    await app(scope, receive, sender)
  File "C:\Users\Sachin\AppData\Roaming\Python\Python314\site-packages\fastapi\routing.py", line 120, in app
    response = await f(request)
               ^^^^^^^^^^^^^^^^
  File "C:\Users\Sachin\AppData\Roaming\Python\Python314\site-packages\fastapi\routing.py", line 674, in app
    raw_response = await run_endpoint_function(
                   ^^^^^^^^^^^^^^^^^^^^^^^^^^^^
    ...<3 lines>...
    )
    ^
  File "C:\Users\Sachin\AppData\Roaming\Python\Python314\site-packages\fastapi\routing.py", line 330, in run_endpoint_function
    return await run_in_threadpool(dependant.call, **values)
           ^^^^^^^^^^^^^^^^^^^^^^^^^^^^^^^^^^^^^^^^^^^^^^^^^
  File "C:\Users\Sachin\AppData\Roaming\Python\Python314\site-packages\starlette\concurrency.py", line 32, in run_in_threadpool
    return await anyio.to_thread.run_sync(func)
           ^^^^^^^^^^^^^^^^^^^^^^^^^^^^^^^^^^^^
  File "C:\Users\Sachin\AppData\Roaming\Python\Python314\site-packages\anyio\to_thread.py", line 63, in run_sync
    return await get_async_backend().run_sync_in_worker_thread(
           ^^^^^^^^^^^^^^^^^^^^^^^^^^^^^^^^^^^^^^^^^^^^^^^^^^^^
        func, args, abandon_on_cancel=abandon_on_cancel, limiter=limiter
        ^^^^^^^^^^^^^^^^^^^^^^^^^^^^^^^^^^^^^^^^^^^^^^^^^^^^^^^^^^^^^^^^
    )
    ^
  File "C:\Users\Sachin\AppData\Roaming\Python\Python314\site-packages\anyio\_backends\_asyncio.py", line 2518, in run_sync_in_worker_thread
    return await future
           ^^^^^^^^^^^^
  File "C:\Users\Sachin\AppData\Roaming\Python\Python314\site-packages\anyio\_backends\_asyncio.py", line 1002, in run
    result = context.run(func, *args)
  File "C:\Users\Sachin\OneDrive\Desktop\STOCKIT1\backend\app\api\routes.py", line 90, in predict_price
    history = yf.Ticker(symbol).history(period="6mo", interval="1d", auto_adjust=False)
  File "C:\Users\Sachin\AppData\Roaming\Python\Python314\site-packages\yfinance\utils.py", line 95, in wrapper
    result = func(*args, **kwargs)
  File "C:\Users\Sachin\AppData\Roaming\Python\Python314\site-packages\yfinance\base.py", line 129, in history
    return self._lazy_load_price_history().history(*args, **kwargs)
           ~~~~~~~~~~~~~~~~~~~~~~~~~~~~~~~~~~~~~~~^^^^^^^^^^^^^^^^^
  File "C:\Users\Sachin\AppData\Roaming\Python\Python314\site-packages\yfinance\utils.py", line 95, in wrapper
    result = func(*args, **kwargs)
  File "C:\Users\Sachin\AppData\Roaming\Python\Python314\site-packages\yfinance\scrapers\history.py", line 224, in history
    if data['chart']['result'] is None:
       ~~~~^^^^^^^^^
TypeError: 'NoneType' object is not subscriptable
INFO:     connection closed
INFO:     127.0.0.1:65492 - "GET /api/stock/RELIANCE.NS HTTP/1.1" 500 Internal Server Error
ERROR:    Exception in ASGI application
Traceback (most recent call last):
  File "C:\Users\Sachin\AppData\Roaming\Python\Python314\site-packages\uvicorn\protocols\http\h11_impl.py", line 410, in run_asgi
    result = await app(  # type: ignore[func-returns-value]
             ^^^^^^^^^^^^^^^^^^^^^^^^^^^^^^^^^^^^^^^^^^^^^^
        self.scope, self.receive, self.send
        ^^^^^^^^^^^^^^^^^^^^^^^^^^^^^^^^^^^
    )
    ^
  File "C:\Users\Sachin\AppData\Roaming\Python\Python314\site-packages\uvicorn\middleware\proxy_headers.py", line 60, in __call__
    return await self.app(scope, receive, send)
           ^^^^^^^^^^^^^^^^^^^^^^^^^^^^^^^^^^^^
  File "C:\Users\Sachin\AppData\Roaming\Python\Python314\site-packages\fastapi\applications.py", line 1159, in __call__
    await super().__call__(scope, receive, send)
  File "C:\Users\Sachin\AppData\Roaming\Python\Python314\site-packages\starlette\applications.py", line 90, in __call__
    await self.middleware_stack(scope, receive, send)
  File "C:\Users\Sachin\AppData\Roaming\Python\Python314\site-packages\starlette\middleware\errors.py", line 186, in __call__
    raise exc
  File "C:\Users\Sachin\AppData\Roaming\Python\Python314\site-packages\starlette\middleware\errors.py", line 164, in __call__
    await self.app(scope, receive, _send)
  File "C:\Users\Sachin\AppData\Roaming\Python\Python314\site-packages\starlette\middleware\cors.py", line 96, in __call__
    await self.simple_response(scope, receive, send, request_headers=headers)
  File "C:\Users\Sachin\AppData\Roaming\Python\Python314\site-packages\starlette\middleware\cors.py", line 154, in simple_response
    await self.app(scope, receive, send)
  File "C:\Users\Sachin\AppData\Roaming\Python\Python314\site-packages\starlette\middleware\exceptions.py", line 63, in __call__
    await wrap_app_handling_exceptions(self.app, conn)(scope, receive, send)
  File "C:\Users\Sachin\AppData\Roaming\Python\Python314\site-packages\starlette\_exception_handler.py", line 53, in wrapped_app
    raise exc
  File "C:\Users\Sachin\AppData\Roaming\Python\Python314\site-packages\starlette\_exception_handler.py", line 42, in wrapped_app
    await app(scope, receive, sender)
  File "C:\Users\Sachin\AppData\Roaming\Python\Python314\site-packages\fastapi\middleware\asyncexitstack.py", line 18, in __call__
    await self.app(scope, receive, send)
  File "C:\Users\Sachin\AppData\Roaming\Python\Python314\site-packages\starlette\routing.py", line 660, in __call__
    await self.middleware_stack(scope, receive, send)
  File "C:\Users\Sachin\AppData\Roaming\Python\Python314\site-packages\starlette\routing.py", line 680, in app
    await route.handle(scope, receive, send)
  File "C:\Users\Sachin\AppData\Roaming\Python\Python314\site-packages\starlette\routing.py", line 276, in handle
    await self.app(scope, receive, send)
  File "C:\Users\Sachin\AppData\Roaming\Python\Python314\site-packages\fastapi\routing.py", line 134, in app
    await wrap_app_handling_exceptions(app, request)(scope, receive, send)
  File "C:\Users\Sachin\AppData\Roaming\Python\Python314\site-packages\starlette\_exception_handler.py", line 53, in wrapped_app
    raise exc
  File "C:\Users\Sachin\AppData\Roaming\Python\Python314\site-packages\starlette\_exception_handler.py", line 42, in wrapped_app
    await app(scope, receive, sender)
  File "C:\Users\Sachin\AppData\Roaming\Python\Python314\site-packages\fastapi\routing.py", line 120, in app
    response = await f(request)
               ^^^^^^^^^^^^^^^^
  File "C:\Users\Sachin\AppData\Roaming\Python\Python314\site-packages\fastapi\routing.py", line 674, in app
    raw_response = await run_endpoint_function(
                   ^^^^^^^^^^^^^^^^^^^^^^^^^^^^
    ...<3 lines>...
    )
    ^
  File "C:\Users\Sachin\AppData\Roaming\Python\Python314\site-packages\fastapi\routing.py", line 330, in run_endpoint_function
    return await run_in_threadpool(dependant.call, **values)
           ^^^^^^^^^^^^^^^^^^^^^^^^^^^^^^^^^^^^^^^^^^^^^^^^^
  File "C:\Users\Sachin\AppData\Roaming\Python\Python314\site-packages\starlette\concurrency.py", line 32, in run_in_threadpool
    return await anyio.to_thread.run_sync(func)
           ^^^^^^^^^^^^^^^^^^^^^^^^^^^^^^^^^^^^
  File "C:\Users\Sachin\AppData\Roaming\Python\Python314\site-packages\anyio\to_thread.py", line 63, in run_sync
    return await get_async_backend().run_sync_in_worker_thread(
           ^^^^^^^^^^^^^^^^^^^^^^^^^^^^^^^^^^^^^^^^^^^^^^^^^^^^
        func, args, abandon_on_cancel=abandon_on_cancel, limiter=limiter
        ^^^^^^^^^^^^^^^^^^^^^^^^^^^^^^^^^^^^^^^^^^^^^^^^^^^^^^^^^^^^^^^^
    )
    ^
  File "C:\Users\Sachin\AppData\Roaming\Python\Python314\site-packages\anyio\_backends\_asyncio.py", line 2518, in run_sync_in_worker_thread
    return await future
           ^^^^^^^^^^^^
  File "C:\Users\Sachin\AppData\Roaming\Python\Python314\site-packages\anyio\_backends\_asyncio.py", line 1002, in run
    result = context.run(func, *args)
  File "C:\Users\Sachin\OneDrive\Desktop\STOCKIT1\backend\app\api\routes.py", line 82, in stock_details
    return get_stock_snapshot(symbol)
  File "C:\Users\Sachin\OneDrive\Desktop\STOCKIT1\backend\app\services\market_data.py", line 88, in get_stock_snapshot
    info, history = _prepare_history(symbol)
                    ~~~~~~~~~~~~~~~~^^^^^^^^
  File "C:\Users\Sachin\OneDrive\Desktop\STOCKIT1\backend\app\services\market_data.py", line 51, in _prepare_history
    history = ticker.history(period=period, interval=interval, auto_adjust=False)
  File "C:\Users\Sachin\AppData\Roaming\Python\Python314\site-packages\yfinance\utils.py", line 95, in wrapper
    result = func(*args, **kwargs)
  File "C:\Users\Sachin\AppData\Roaming\Python\Python314\site-packages\yfinance\base.py", line 129, in history
    return self._lazy_load_price_history().history(*args, **kwargs)
           ~~~~~~~~~~~~~~~~~~~~~~~~~~~~~~~~~~~~~~~^^^^^^^^^^^^^^^^^
  File "C:\Users\Sachin\AppData\Roaming\Python\Python314\site-packages\yfinance\utils.py", line 95, in wrapper
    result = func(*args, **kwargs)
  File "C:\Users\Sachin\AppData\Roaming\Python\Python314\site-packages\yfinance\scrapers\history.py", line 224, in history
    if data['chart']['result'] is None:
       ~~~~^^^^^^^^^
TypeError: 'NoneType' object is not subscriptable
INFO:     127.0.0.1:53080 - "GET /api/predict/RELIANCE.NS HTTP/1.1" 500 Internal Server Error
ERROR:    Exception in ASGI application
Traceback (most recent call last):
  File "C:\Users\Sachin\AppData\Roaming\Python\Python314\site-packages\uvicorn\protocols\http\h11_impl.py", line 410, in run_asgi
    result = await app(  # type: ignore[func-returns-value]
             ^^^^^^^^^^^^^^^^^^^^^^^^^^^^^^^^^^^^^^^^^^^^^^
        self.scope, self.receive, self.send
        ^^^^^^^^^^^^^^^^^^^^^^^^^^^^^^^^^^^
    )
    ^
  File "C:\Users\Sachin\AppData\Roaming\Python\Python314\site-packages\uvicorn\middleware\proxy_headers.py", line 60, in __call__
    return await self.app(scope, receive, send)
           ^^^^^^^^^^^^^^^^^^^^^^^^^^^^^^^^^^^^
  File "C:\Users\Sachin\AppData\Roaming\Python\Python314\site-packages\fastapi\applications.py", line 1159, in __call__
    await super().__call__(scope, receive, send)
  File "C:\Users\Sachin\AppData\Roaming\Python\Python314\site-packages\starlette\applications.py", line 90, in __call__
    await self.middleware_stack(scope, receive, send)
  File "C:\Users\Sachin\AppData\Roaming\Python\Python314\site-packages\starlette\middleware\errors.py", line 186, in __call__
    raise exc
  File "C:\Users\Sachin\AppData\Roaming\Python\Python314\site-packages\starlette\middleware\errors.py", line 164, in __call__
    await self.app(scope, receive, _send)
  File "C:\Users\Sachin\AppData\Roaming\Python\Python314\site-packages\starlette\middleware\cors.py", line 96, in __call__
    await self.simple_response(scope, receive, send, request_headers=headers)
  File "C:\Users\Sachin\AppData\Roaming\Python\Python314\site-packages\starlette\middleware\cors.py", line 154, in simple_response
    await self.app(scope, receive, send)
  File "C:\Users\Sachin\AppData\Roaming\Python\Python314\site-packages\starlette\middleware\exceptions.py", line 63, in __call__
    await wrap_app_handling_exceptions(self.app, conn)(scope, receive, send)
  File "C:\Users\Sachin\AppData\Roaming\Python\Python314\site-packages\starlette\_exception_handler.py", line 53, in wrapped_app
    raise exc
  File "C:\Users\Sachin\AppData\Roaming\Python\Python314\site-packages\starlette\_exception_handler.py", line 42, in wrapped_app
    await app(scope, receive, sender)
  File "C:\Users\Sachin\AppData\Roaming\Python\Python314\site-packages\fastapi\middleware\asyncexitstack.py", line 18, in __call__
    await self.app(scope, receive, send)
  File "C:\Users\Sachin\AppData\Roaming\Python\Python314\site-packages\starlette\routing.py", line 660, in __call__
    await self.middleware_stack(scope, receive, send)
  File "C:\Users\Sachin\AppData\Roaming\Python\Python314\site-packages\starlette\routing.py", line 680, in app
    await route.handle(scope, receive, send)
  File "C:\Users\Sachin\AppData\Roaming\Python\Python314\site-packages\starlette\routing.py", line 276, in handle
    await self.app(scope, receive, send)
  File "C:\Users\Sachin\AppData\Roaming\Python\Python314\site-packages\fastapi\routing.py", line 134, in app
    await wrap_app_handling_exceptions(app, request)(scope, receive, send)
  File "C:\Users\Sachin\AppData\Roaming\Python\Python314\site-packages\starlette\_exception_handler.py", line 53, in wrapped_app
    raise exc
  File "C:\Users\Sachin\AppData\Roaming\Python\Python314\site-packages\starlette\_exception_handler.py", line 42, in wrapped_app
    await app(scope, receive, sender)
  File "C:\Users\Sachin\AppData\Roaming\Python\Python314\site-packages\fastapi\routing.py", line 120, in app
    response = await f(request)
               ^^^^^^^^^^^^^^^^
  File "C:\Users\Sachin\AppData\Roaming\Python\Python314\site-packages\fastapi\routing.py", line 674, in app
    raw_response = await run_endpoint_function(
                   ^^^^^^^^^^^^^^^^^^^^^^^^^^^^
    ...<3 lines>...
    )
    ^
  File "C:\Users\Sachin\AppData\Roaming\Python\Python314\site-packages\fastapi\routing.py", line 330, in run_endpoint_function
    return await run_in_threadpool(dependant.call, **values)
           ^^^^^^^^^^^^^^^^^^^^^^^^^^^^^^^^^^^^^^^^^^^^^^^^^
  File "C:\Users\Sachin\AppData\Roaming\Python\Python314\site-packages\starlette\concurrency.py", line 32, in run_in_threadpool
    return await anyio.to_thread.run_sync(func)
           ^^^^^^^^^^^^^^^^^^^^^^^^^^^^^^^^^^^^
  File "C:\Users\Sachin\AppData\Roaming\Python\Python314\site-packages\anyio\to_thread.py", line 63, in run_sync
    return await get_async_backend().run_sync_in_worker_thread(
           ^^^^^^^^^^^^^^^^^^^^^^^^^^^^^^^^^^^^^^^^^^^^^^^^^^^^
        func, args, abandon_on_cancel=abandon_on_cancel, limiter=limiter
        ^^^^^^^^^^^^^^^^^^^^^^^^^^^^^^^^^^^^^^^^^^^^^^^^^^^^^^^^^^^^^^^^
    )
    ^
  File "C:\Users\Sachin\AppData\Roaming\Python\Python314\site-packages\anyio\_backends\_asyncio.py", line 2518, in run_sync_in_worker_thread
    return await future
           ^^^^^^^^^^^^
  File "C:\Users\Sachin\AppData\Roaming\Python\Python314\site-packages\anyio\_backends\_asyncio.py", line 1002, in run
    result = context.run(func, *args)
  File "C:\Users\Sachin\OneDrive\Desktop\STOCKIT1\backend\app\api\routes.py", line 90, in predict_price
    history = yf.Ticker(symbol).history(period="6mo", interval="1d", auto_adjust=False)
  File "C:\Users\Sachin\AppData\Roaming\Python\Python314\site-packages\yfinance\utils.py", line 95, in wrapper
    result = func(*args, **kwargs)
  File "C:\Users\Sachin\AppData\Roaming\Python\Python314\site-packages\yfinance\base.py", line 129, in history
    return self._lazy_load_price_history().history(*args, **kwargs)
           ~~~~~~~~~~~~~~~~~~~~~~~~~~~~~~~~~~~~~~~^^^^^^^^^^^^^^^^^
  File "C:\Users\Sachin\AppData\Roaming\Python\Python314\site-packages\yfinance\utils.py", line 95, in wrapper
    result = func(*args, **kwargs)
  File "C:\Users\Sachin\AppData\Roaming\Python\Python314\site-packages\yfinance\scrapers\history.py", line 224, in history
    if data['chart']['result'] is None:
       ~~~~^^^^^^^^^
TypeError: 'NoneType' object is not subscriptable
INFO:     127.0.0.1:53202 - "GET /api/search?query= HTTP/1.1" 200 OK
INFO:     127.0.0.1:63348 - "GET /api/predict/RELIANCE.NS HTTP/1.1" 500 Internal Server Error
ERROR:    Exception in ASGI application
Traceback (most recent call last):
  File "C:\Users\Sachin\AppData\Roaming\Python\Python314\site-packages\uvicorn\protocols\http\h11_impl.py", line 410, in run_asgi
    result = await app(  # type: ignore[func-returns-value]
             ^^^^^^^^^^^^^^^^^^^^^^^^^^^^^^^^^^^^^^^^^^^^^^
        self.scope, self.receive, self.send
        ^^^^^^^^^^^^^^^^^^^^^^^^^^^^^^^^^^^
    )
    ^
  File "C:\Users\Sachin\AppData\Roaming\Python\Python314\site-packages\uvicorn\middleware\proxy_headers.py", line 60, in __call__
    return await self.app(scope, receive, send)
           ^^^^^^^^^^^^^^^^^^^^^^^^^^^^^^^^^^^^
  File "C:\Users\Sachin\AppData\Roaming\Python\Python314\site-packages\fastapi\applications.py", line 1159, in __call__
    await super().__call__(scope, receive, send)
  File "C:\Users\Sachin\AppData\Roaming\Python\Python314\site-packages\starlette\applications.py", line 90, in __call__
    await self.middleware_stack(scope, receive, send)
  File "C:\Users\Sachin\AppData\Roaming\Python\Python314\site-packages\starlette\middleware\errors.py", line 186, in __call__
    raise exc
  File "C:\Users\Sachin\AppData\Roaming\Python\Python314\site-packages\starlette\middleware\errors.py", line 164, in __call__
    await self.app(scope, receive, _send)
  File "C:\Users\Sachin\AppData\Roaming\Python\Python314\site-packages\starlette\middleware\cors.py", line 96, in __call__
    await self.simple_response(scope, receive, send, request_headers=headers)
  File "C:\Users\Sachin\AppData\Roaming\Python\Python314\site-packages\starlette\middleware\cors.py", line 154, in simple_response
    await self.app(scope, receive, send)
  File "C:\Users\Sachin\AppData\Roaming\Python\Python314\site-packages\starlette\middleware\exceptions.py", line 63, in __call__
    await wrap_app_handling_exceptions(self.app, conn)(scope, receive, send)
  File "C:\Users\Sachin\AppData\Roaming\Python\Python314\site-packages\starlette\_exception_handler.py", line 53, in wrapped_app
    raise exc
  File "C:\Users\Sachin\AppData\Roaming\Python\Python314\site-packages\starlette\_exception_handler.py", line 42, in wrapped_app
    await app(scope, receive, sender)
  File "C:\Users\Sachin\AppData\Roaming\Python\Python314\site-packages\fastapi\middleware\asyncexitstack.py", line 18, in __call__
    await self.app(scope, receive, send)
  File "C:\Users\Sachin\AppData\Roaming\Python\Python314\site-packages\starlette\routing.py", line 660, in __call__
    await self.middleware_stack(scope, receive, send)
  File "C:\Users\Sachin\AppData\Roaming\Python\Python314\site-packages\starlette\routing.py", line 680, in app
    await route.handle(scope, receive, send)
  File "C:\Users\Sachin\AppData\Roaming\Python\Python314\site-packages\starlette\routing.py", line 276, in handle
    await self.app(scope, receive, send)
  File "C:\Users\Sachin\AppData\Roaming\Python\Python314\site-packages\fastapi\routing.py", line 134, in app
    await wrap_app_handling_exceptions(app, request)(scope, receive, send)
  File "C:\Users\Sachin\AppData\Roaming\Python\Python314\site-packages\starlette\_exception_handler.py", line 53, in wrapped_app
    raise exc
  File "C:\Users\Sachin\AppData\Roaming\Python\Python314\site-packages\starlette\_exception_handler.py", line 42, in wrapped_app
    await app(scope, receive, sender)
  File "C:\Users\Sachin\AppData\Roaming\Python\Python314\site-packages\fastapi\routing.py", line 120, in app
    response = await f(request)
               ^^^^^^^^^^^^^^^^
  File "C:\Users\Sachin\AppData\Roaming\Python\Python314\site-packages\fastapi\routing.py", line 674, in app
    raw_response = await run_endpoint_function(
                   ^^^^^^^^^^^^^^^^^^^^^^^^^^^^
    ...<3 lines>...
    )
    ^
  File "C:\Users\Sachin\AppData\Roaming\Python\Python314\site-packages\fastapi\routing.py", line 330, in run_endpoint_function
    return await run_in_threadpool(dependant.call, **values)
           ^^^^^^^^^^^^^^^^^^^^^^^^^^^^^^^^^^^^^^^^^^^^^^^^^
  File "C:\Users\Sachin\AppData\Roaming\Python\Python314\site-packages\starlette\concurrency.py", line 32, in run_in_threadpool
    return await anyio.to_thread.run_sync(func)
           ^^^^^^^^^^^^^^^^^^^^^^^^^^^^^^^^^^^^
  File "C:\Users\Sachin\AppData\Roaming\Python\Python314\site-packages\anyio\to_thread.py", line 63, in run_sync
    return await get_async_backend().run_sync_in_worker_thread(
           ^^^^^^^^^^^^^^^^^^^^^^^^^^^^^^^^^^^^^^^^^^^^^^^^^^^^
        func, args, abandon_on_cancel=abandon_on_cancel, limiter=limiter
        ^^^^^^^^^^^^^^^^^^^^^^^^^^^^^^^^^^^^^^^^^^^^^^^^^^^^^^^^^^^^^^^^
    )
    ^
  File "C:\Users\Sachin\AppData\Roaming\Python\Python314\site-packages\anyio\_backends\_asyncio.py", line 2518, in run_sync_in_worker_thread
    return await future
           ^^^^^^^^^^^^
  File "C:\Users\Sachin\AppData\Roaming\Python\Python314\site-packages\anyio\_backends\_asyncio.py", line 1002, in run
    result = context.run(func, *args)
  File "C:\Users\Sachin\OneDrive\Desktop\STOCKIT1\backend\app\api\routes.py", line 90, in predict_price
    history = yf.Ticker(symbol).history(period="6mo", interval="1d", auto_adjust=False)
  File "C:\Users\Sachin\AppData\Roaming\Python\Python314\site-packages\yfinance\utils.py", line 95, in wrapper
    result = func(*args, **kwargs)
  File "C:\Users\Sachin\AppData\Roaming\Python\Python314\site-packages\yfinance\base.py", line 129, in history
    return self._lazy_load_price_history().history(*args, **kwargs)
           ~~~~~~~~~~~~~~~~~~~~~~~~~~~~~~~~~~~~~~~^^^^^^^^^^^^^^^^^
  File "C:\Users\Sachin\AppData\Roaming\Python\Python314\site-packages\yfinance\utils.py", line 95, in wrapper
    result = func(*args, **kwargs)
  File "C:\Users\Sachin\AppData\Roaming\Python\Python314\site-packages\yfinance\scrapers\history.py", line 224, in history
    if data['chart']['result'] is None:
       ~~~~^^^^^^^^^
TypeError: 'NoneType' object is not subscriptable
INFO:     127.0.0.1:53202 - "GET /api/stock/RELIANCE.NS HTTP/1.1" 500 Internal Server Error
ERROR:    Exception in ASGI application
Traceback (most recent call last):
  File "C:\Users\Sachin\AppData\Roaming\Python\Python314\site-packages\uvicorn\protocols\http\h11_impl.py", line 410, in run_asgi
    result = await app(  # type: ignore[func-returns-value]
             ^^^^^^^^^^^^^^^^^^^^^^^^^^^^^^^^^^^^^^^^^^^^^^
        self.scope, self.receive, self.send
        ^^^^^^^^^^^^^^^^^^^^^^^^^^^^^^^^^^^
    )
    ^
  File "C:\Users\Sachin\AppData\Roaming\Python\Python314\site-packages\uvicorn\middleware\proxy_headers.py", line 60, in __call__
    return await self.app(scope, receive, send)
           ^^^^^^^^^^^^^^^^^^^^^^^^^^^^^^^^^^^^
  File "C:\Users\Sachin\AppData\Roaming\Python\Python314\site-packages\fastapi\applications.py", line 1159, in __call__
    await super().__call__(scope, receive, send)
  File "C:\Users\Sachin\AppData\Roaming\Python\Python314\site-packages\starlette\applications.py", line 90, in __call__
    await self.middleware_stack(scope, receive, send)
  File "C:\Users\Sachin\AppData\Roaming\Python\Python314\site-packages\starlette\middleware\errors.py", line 186, in __call__
    raise exc
  File "C:\Users\Sachin\AppData\Roaming\Python\Python314\site-packages\starlette\middleware\errors.py", line 164, in __call__
    await self.app(scope, receive, _send)
  File "C:\Users\Sachin\AppData\Roaming\Python\Python314\site-packages\starlette\middleware\cors.py", line 96, in __call__
    await self.simple_response(scope, receive, send, request_headers=headers)
  File "C:\Users\Sachin\AppData\Roaming\Python\Python314\site-packages\starlette\middleware\cors.py", line 154, in simple_response
    await self.app(scope, receive, send)
  File "C:\Users\Sachin\AppData\Roaming\Python\Python314\site-packages\starlette\middleware\exceptions.py", line 63, in __call__
    await wrap_app_handling_exceptions(self.app, conn)(scope, receive, send)
  File "C:\Users\Sachin\AppData\Roaming\Python\Python314\site-packages\starlette\_exception_handler.py", line 53, in wrapped_app
    raise exc
  File "C:\Users\Sachin\AppData\Roaming\Python\Python314\site-packages\starlette\_exception_handler.py", line 42, in wrapped_app
    await app(scope, receive, sender)
  File "C:\Users\Sachin\AppData\Roaming\Python\Python314\site-packages\fastapi\middleware\asyncexitstack.py", line 18, in __call__
    await self.app(scope, receive, send)
  File "C:\Users\Sachin\AppData\Roaming\Python\Python314\site-packages\starlette\routing.py", line 660, in __call__
    await self.middleware_stack(scope, receive, send)
  File "C:\Users\Sachin\AppData\Roaming\Python\Python314\site-packages\starlette\routing.py", line 680, in app
    await route.handle(scope, receive, send)
  File "C:\Users\Sachin\AppData\Roaming\Python\Python314\site-packages\starlette\routing.py", line 276, in handle
    await self.app(scope, receive, send)
  File "C:\Users\Sachin\AppData\Roaming\Python\Python314\site-packages\fastapi\routing.py", line 134, in app
    await wrap_app_handling_exceptions(app, request)(scope, receive, send)
  File "C:\Users\Sachin\AppData\Roaming\Python\Python314\site-packages\starlette\_exception_handler.py", line 53, in wrapped_app
    raise exc
  File "C:\Users\Sachin\AppData\Roaming\Python\Python314\site-packages\starlette\_exception_handler.py", line 42, in wrapped_app
    await app(scope, receive, sender)
  File "C:\Users\Sachin\AppData\Roaming\Python\Python314\site-packages\fastapi\routing.py", line 120, in app
    response = await f(request)
               ^^^^^^^^^^^^^^^^
  File "C:\Users\Sachin\AppData\Roaming\Python\Python314\site-packages\fastapi\routing.py", line 674, in app
    raw_response = await run_endpoint_function(
                   ^^^^^^^^^^^^^^^^^^^^^^^^^^^^
    ...<3 lines>...
    )
    ^
  File "C:\Users\Sachin\AppData\Roaming\Python\Python314\site-packages\fastapi\routing.py", line 330, in run_endpoint_function
    return await run_in_threadpool(dependant.call, **values)
           ^^^^^^^^^^^^^^^^^^^^^^^^^^^^^^^^^^^^^^^^^^^^^^^^^
  File "C:\Users\Sachin\AppData\Roaming\Python\Python314\site-packages\starlette\concurrency.py", line 32, in run_in_threadpool
    return await anyio.to_thread.run_sync(func)
           ^^^^^^^^^^^^^^^^^^^^^^^^^^^^^^^^^^^^
  File "C:\Users\Sachin\AppData\Roaming\Python\Python314\site-packages\anyio\to_thread.py", line 63, in run_sync
    return await get_async_backend().run_sync_in_worker_thread(
           ^^^^^^^^^^^^^^^^^^^^^^^^^^^^^^^^^^^^^^^^^^^^^^^^^^^^
        func, args, abandon_on_cancel=abandon_on_cancel, limiter=limiter
        ^^^^^^^^^^^^^^^^^^^^^^^^^^^^^^^^^^^^^^^^^^^^^^^^^^^^^^^^^^^^^^^^
    )
    ^
  File "C:\Users\Sachin\AppData\Roaming\Python\Python314\site-packages\anyio\_backends\_asyncio.py", line 2518, in run_sync_in_worker_thread
    return await future
           ^^^^^^^^^^^^
  File "C:\Users\Sachin\AppData\Roaming\Python\Python314\site-packages\anyio\_backends\_asyncio.py", line 1002, in run
    result = context.run(func, *args)
  File "C:\Users\Sachin\OneDrive\Desktop\STOCKIT1\backend\app\api\routes.py", line 82, in stock_details
    return get_stock_snapshot(symbol)
  File "C:\Users\Sachin\OneDrive\Desktop\STOCKIT1\backend\app\services\market_data.py", line 88, in get_stock_snapshot
    info, history = _prepare_history(symbol)
                    ~~~~~~~~~~~~~~~~^^^^^^^^
  File "C:\Users\Sachin\OneDrive\Desktop\STOCKIT1\backend\app\services\market_data.py", line 51, in _prepare_history
    history = ticker.history(period=period, interval=interval, auto_adjust=False)
  File "C:\Users\Sachin\AppData\Roaming\Python\Python314\site-packages\yfinance\utils.py", line 95, in wrapper
    result = func(*args, **kwargs)
  File "C:\Users\Sachin\AppData\Roaming\Python\Python314\site-packages\yfinance\base.py", line 129, in history
    return self._lazy_load_price_history().history(*args, **kwargs)
           ~~~~~~~~~~~~~~~~~~~~~~~~~~~~~~~~~~~~~~~^^^^^^^^^^^^^^^^^
  File "C:\Users\Sachin\AppData\Roaming\Python\Python314\site-packages\yfinance\utils.py", line 95, in wrapper
    result = func(*args, **kwargs)
  File "C:\Users\Sachin\AppData\Roaming\Python\Python314\site-packages\yfinance\scrapers\history.py", line 224, in history
    if data['chart']['result'] is None:
       ~~~~^^^^^^^^^
TypeError: 'NoneType' object is not subscriptable
INFO:     127.0.0.1:55082 - "GET /api/stock/RELIANCE.NS HTTP/1.1" 500 Internal Server Error
ERROR:    Exception in ASGI application
Traceback (most recent call last):
  File "C:\Users\Sachin\AppData\Roaming\Python\Python314\site-packages\uvicorn\protocols\http\h11_impl.py", line 410, in run_asgi
    result = await app(  # type: ignore[func-returns-value]
             ^^^^^^^^^^^^^^^^^^^^^^^^^^^^^^^^^^^^^^^^^^^^^^
        self.scope, self.receive, self.send
        ^^^^^^^^^^^^^^^^^^^^^^^^^^^^^^^^^^^
    )
    ^
  File "C:\Users\Sachin\AppData\Roaming\Python\Python314\site-packages\uvicorn\middleware\proxy_headers.py", line 60, in __call__
    return await self.app(scope, receive, send)
           ^^^^^^^^^^^^^^^^^^^^^^^^^^^^^^^^^^^^
  File "C:\Users\Sachin\AppData\Roaming\Python\Python314\site-packages\fastapi\applications.py", line 1159, in __call__
    await super().__call__(scope, receive, send)
  File "C:\Users\Sachin\AppData\Roaming\Python\Python314\site-packages\starlette\applications.py", line 90, in __call__
    await self.middleware_stack(scope, receive, send)
  File "C:\Users\Sachin\AppData\Roaming\Python\Python314\site-packages\starlette\middleware\errors.py", line 186, in __call__
    raise exc
  File "C:\Users\Sachin\AppData\Roaming\Python\Python314\site-packages\starlette\middleware\errors.py", line 164, in __call__
    await self.app(scope, receive, _send)
  File "C:\Users\Sachin\AppData\Roaming\Python\Python314\site-packages\starlette\middleware\cors.py", line 96, in __call__
    await self.simple_response(scope, receive, send, request_headers=headers)
  File "C:\Users\Sachin\AppData\Roaming\Python\Python314\site-packages\starlette\middleware\cors.py", line 154, in simple_response
    await self.app(scope, receive, send)
  File "C:\Users\Sachin\AppData\Roaming\Python\Python314\site-packages\starlette\middleware\exceptions.py", line 63, in __call__
    await wrap_app_handling_exceptions(self.app, conn)(scope, receive, send)
  File "C:\Users\Sachin\AppData\Roaming\Python\Python314\site-packages\starlette\_exception_handler.py", line 53, in wrapped_app
    raise exc
  File "C:\Users\Sachin\AppData\Roaming\Python\Python314\site-packages\starlette\_exception_handler.py", line 42, in wrapped_app
    await app(scope, receive, sender)
  File "C:\Users\Sachin\AppData\Roaming\Python\Python314\site-packages\fastapi\middleware\asyncexitstack.py", line 18, in __call__
    await self.app(scope, receive, send)
  File "C:\Users\Sachin\AppData\Roaming\Python\Python314\site-packages\starlette\routing.py", line 660, in __call__
    await self.middleware_stack(scope, receive, send)
  File "C:\Users\Sachin\AppData\Roaming\Python\Python314\site-packages\starlette\routing.py", line 680, in app
    await route.handle(scope, receive, send)
  File "C:\Users\Sachin\AppData\Roaming\Python\Python314\site-packages\starlette\routing.py", line 276, in handle
    await self.app(scope, receive, send)
  File "C:\Users\Sachin\AppData\Roaming\Python\Python314\site-packages\fastapi\routing.py", line 134, in app
    await wrap_app_handling_exceptions(app, request)(scope, receive, send)
  File "C:\Users\Sachin\AppData\Roaming\Python\Python314\site-packages\starlette\_exception_handler.py", line 53, in wrapped_app
    raise exc
  File "C:\Users\Sachin\AppData\Roaming\Python\Python314\site-packages\starlette\_exception_handler.py", line 42, in wrapped_app
    await app(scope, receive, sender)
  File "C:\Users\Sachin\AppData\Roaming\Python\Python314\site-packages\fastapi\routing.py", line 120, in app
    response = await f(request)
               ^^^^^^^^^^^^^^^^
  File "C:\Users\Sachin\AppData\Roaming\Python\Python314\site-packages\fastapi\routing.py", line 674, in app
    raw_response = await run_endpoint_function(
                   ^^^^^^^^^^^^^^^^^^^^^^^^^^^^
    ...<3 lines>...
    )
    ^
  File "C:\Users\Sachin\AppData\Roaming\Python\Python314\site-packages\fastapi\routing.py", line 330, in run_endpoint_function
    return await run_in_threadpool(dependant.call, **values)
           ^^^^^^^^^^^^^^^^^^^^^^^^^^^^^^^^^^^^^^^^^^^^^^^^^
  File "C:\Users\Sachin\AppData\Roaming\Python\Python314\site-packages\starlette\concurrency.py", line 32, in run_in_threadpool
    return await anyio.to_thread.run_sync(func)
           ^^^^^^^^^^^^^^^^^^^^^^^^^^^^^^^^^^^^
  File "C:\Users\Sachin\AppData\Roaming\Python\Python314\site-packages\anyio\to_thread.py", line 63, in run_sync
    return await get_async_backend().run_sync_in_worker_thread(
           ^^^^^^^^^^^^^^^^^^^^^^^^^^^^^^^^^^^^^^^^^^^^^^^^^^^^
        func, args, abandon_on_cancel=abandon_on_cancel, limiter=limiter
        ^^^^^^^^^^^^^^^^^^^^^^^^^^^^^^^^^^^^^^^^^^^^^^^^^^^^^^^^^^^^^^^^
    )
    ^
  File "C:\Users\Sachin\AppData\Roaming\Python\Python314\site-packages\anyio\_backends\_asyncio.py", line 2518, in run_sync_in_worker_thread
    return await future
           ^^^^^^^^^^^^
  File "C:\Users\Sachin\AppData\Roaming\Python\Python314\site-packages\anyio\_backends\_asyncio.py", line 1002, in run
    result = context.run(func, *args)
  File "C:\Users\Sachin\OneDrive\Desktop\STOCKIT1\backend\app\api\routes.py", line 82, in stock_details
    return get_stock_snapshot(symbol)
  File "C:\Users\Sachin\OneDrive\Desktop\STOCKIT1\backend\app\services\market_data.py", line 88, in get_stock_snapshot
    info, history = _prepare_history(symbol)
                    ~~~~~~~~~~~~~~~~^^^^^^^^
  File "C:\Users\Sachin\OneDrive\Desktop\STOCKIT1\backend\app\services\market_data.py", line 51, in _prepare_history
    history = ticker.history(period=period, interval=interval, auto_adjust=False)
  File "C:\Users\Sachin\AppData\Roaming\Python\Python314\site-packages\yfinance\utils.py", line 95, in wrapper
    result = func(*args, **kwargs)
  File "C:\Users\Sachin\AppData\Roaming\Python\Python314\site-packages\yfinance\base.py", line 129, in history
    return self._lazy_load_price_history().history(*args, **kwargs)
           ~~~~~~~~~~~~~~~~~~~~~~~~~~~~~~~~~~~~~~~^^^^^^^^^^^^^^^^^
  File "C:\Users\Sachin\AppData\Roaming\Python\Python314\site-packages\yfinance\utils.py", line 95, in wrapper
    result = func(*args, **kwargs)
  File "C:\Users\Sachin\AppData\Roaming\Python\Python314\site-packages\yfinance\scrapers\history.py", line 224, in history
    if data['chart']['result'] is None:
       ~~~~^^^^^^^^^
TypeError: 'NoneType' object is not subscriptable
INFO:     127.0.0.1:55683 - "GET /api/predict/RELIANCE.NS HTTP/1.1" 500 Internal Server Error
ERROR:    Exception in ASGI application
Traceback (most recent call last):
  File "C:\Users\Sachin\AppData\Roaming\Python\Python314\site-packages\uvicorn\protocols\http\h11_impl.py", line 410, in run_asgi
    result = await app(  # type: ignore[func-returns-value]
             ^^^^^^^^^^^^^^^^^^^^^^^^^^^^^^^^^^^^^^^^^^^^^^
        self.scope, self.receive, self.send
        ^^^^^^^^^^^^^^^^^^^^^^^^^^^^^^^^^^^
    )
    ^
  File "C:\Users\Sachin\AppData\Roaming\Python\Python314\site-packages\uvicorn\middleware\proxy_headers.py", line 60, in __call__
    return await self.app(scope, receive, send)
           ^^^^^^^^^^^^^^^^^^^^^^^^^^^^^^^^^^^^
  File "C:\Users\Sachin\AppData\Roaming\Python\Python314\site-packages\fastapi\applications.py", line 1159, in __call__
    await super().__call__(scope, receive, send)
  File "C:\Users\Sachin\AppData\Roaming\Python\Python314\site-packages\starlette\applications.py", line 90, in __call__
    await self.middleware_stack(scope, receive, send)
  File "C:\Users\Sachin\AppData\Roaming\Python\Python314\site-packages\starlette\middleware\errors.py", line 186, in __call__
    raise exc
  File "C:\Users\Sachin\AppData\Roaming\Python\Python314\site-packages\starlette\middleware\errors.py", line 164, in __call__
    await self.app(scope, receive, _send)
  File "C:\Users\Sachin\AppData\Roaming\Python\Python314\site-packages\starlette\middleware\cors.py", line 96, in __call__
    await self.simple_response(scope, receive, send, request_headers=headers)
  File "C:\Users\Sachin\AppData\Roaming\Python\Python314\site-packages\starlette\middleware\cors.py", line 154, in simple_response
    await self.app(scope, receive, send)
  File "C:\Users\Sachin\AppData\Roaming\Python\Python314\site-packages\starlette\middleware\exceptions.py", line 63, in __call__
    await wrap_app_handling_exceptions(self.app, conn)(scope, receive, send)
  File "C:\Users\Sachin\AppData\Roaming\Python\Python314\site-packages\starlette\_exception_handler.py", line 53, in wrapped_app
    raise exc
  File "C:\Users\Sachin\AppData\Roaming\Python\Python314\site-packages\starlette\_exception_handler.py", line 42, in wrapped_app
    await app(scope, receive, sender)
  File "C:\Users\Sachin\AppData\Roaming\Python\Python314\site-packages\fastapi\middleware\asyncexitstack.py", line 18, in __call__
    await self.app(scope, receive, send)
  File "C:\Users\Sachin\AppData\Roaming\Python\Python314\site-packages\starlette\routing.py", line 660, in __call__
    await self.middleware_stack(scope, receive, send)
  File "C:\Users\Sachin\AppData\Roaming\Python\Python314\site-packages\starlette\routing.py", line 680, in app
    await route.handle(scope, receive, send)
  File "C:\Users\Sachin\AppData\Roaming\Python\Python314\site-packages\starlette\routing.py", line 276, in handle
    await self.app(scope, receive, send)
  File "C:\Users\Sachin\AppData\Roaming\Python\Python314\site-packages\fastapi\routing.py", line 134, in app
    await wrap_app_handling_exceptions(app, request)(scope, receive, send)
  File "C:\Users\Sachin\AppData\Roaming\Python\Python314\site-packages\starlette\_exception_handler.py", line 53, in wrapped_app
    raise exc
  File "C:\Users\Sachin\AppData\Roaming\Python\Python314\site-packages\starlette\_exception_handler.py", line 42, in wrapped_app
    await app(scope, receive, sender)
  File "C:\Users\Sachin\AppData\Roaming\Python\Python314\site-packages\fastapi\routing.py", line 120, in app
    response = await f(request)
               ^^^^^^^^^^^^^^^^
  File "C:\Users\Sachin\AppData\Roaming\Python\Python314\site-packages\fastapi\routing.py", line 674, in app
    raw_response = await run_endpoint_function(
                   ^^^^^^^^^^^^^^^^^^^^^^^^^^^^
    ...<3 lines>...
    )
    ^
  File "C:\Users\Sachin\AppData\Roaming\Python\Python314\site-packages\fastapi\routing.py", line 330, in run_endpoint_function
    return await run_in_threadpool(dependant.call, **values)
           ^^^^^^^^^^^^^^^^^^^^^^^^^^^^^^^^^^^^^^^^^^^^^^^^^
  File "C:\Users\Sachin\AppData\Roaming\Python\Python314\site-packages\starlette\concurrency.py", line 32, in run_in_threadpool
    return await anyio.to_thread.run_sync(func)
           ^^^^^^^^^^^^^^^^^^^^^^^^^^^^^^^^^^^^
  File "C:\Users\Sachin\AppData\Roaming\Python\Python314\site-packages\anyio\to_thread.py", line 63, in run_sync
    return await get_async_backend().run_sync_in_worker_thread(
           ^^^^^^^^^^^^^^^^^^^^^^^^^^^^^^^^^^^^^^^^^^^^^^^^^^^^
        func, args, abandon_on_cancel=abandon_on_cancel, limiter=limiter
        ^^^^^^^^^^^^^^^^^^^^^^^^^^^^^^^^^^^^^^^^^^^^^^^^^^^^^^^^^^^^^^^^
    )
    ^
  File "C:\Users\Sachin\AppData\Roaming\Python\Python314\site-packages\anyio\_backends\_asyncio.py", line 2518, in run_sync_in_worker_thread
    return await future
           ^^^^^^^^^^^^
  File "C:\Users\Sachin\AppData\Roaming\Python\Python314\site-packages\anyio\_backends\_asyncio.py", line 1002, in run
    result = context.run(func, *args)
  File "C:\Users\Sachin\OneDrive\Desktop\STOCKIT1\backend\app\api\routes.py", line 90, in predict_price
    history = yf.Ticker(symbol).history(period="6mo", interval="1d", auto_adjust=False)
  File "C:\Users\Sachin\AppData\Roaming\Python\Python314\site-packages\yfinance\utils.py", line 95, in wrapper
    result = func(*args, **kwargs)
  File "C:\Users\Sachin\AppData\Roaming\Python\Python314\site-packages\yfinance\base.py", line 129, in history
    return self._lazy_load_price_history().history(*args, **kwargs)
           ~~~~~~~~~~~~~~~~~~~~~~~~~~~~~~~~~~~~~~~^^^^^^^^^^^^^^^^^
  File "C:\Users\Sachin\AppData\Roaming\Python\Python314\site-packages\yfinance\utils.py", line 95, in wrapper
    result = func(*args, **kwargs)
  File "C:\Users\Sachin\AppData\Roaming\Python\Python314\site-packages\yfinance\scrapers\history.py", line 224, in history
    if data['chart']['result'] is None:
       ~~~~^^^^^^^^^
TypeError: 'NoneType' object is not subscriptable
INFO:     127.0.0.1:54064 - "WebSocket /api/ws/RELIANCE.NS" [accepted]
ERROR:    Exception in ASGI application
Traceback (most recent call last):
  File "C:\Users\Sachin\AppData\Roaming\Python\Python314\site-packages\uvicorn\protocols\websockets\websockets_impl.py", line 244, in run_asgi
    result = await self.app(self.scope, self.asgi_receive, self.asgi_send)  # type: ignore[func-returns-value]
             ^^^^^^^^^^^^^^^^^^^^^^^^^^^^^^^^^^^^^^^^^^^^^^^^^^^^^^^^^^^^^
  File "C:\Users\Sachin\AppData\Roaming\Python\Python314\site-packages\uvicorn\middleware\proxy_headers.py", line 60, in __call__
    return await self.app(scope, receive, send)
           ^^^^^^^^^^^^^^^^^^^^^^^^^^^^^^^^^^^^
  File "C:\Users\Sachin\AppData\Roaming\Python\Python314\site-packages\fastapi\applications.py", line 1159, in __call__
    await super().__call__(scope, receive, send)
  File "C:\Users\Sachin\AppData\Roaming\Python\Python314\site-packages\starlette\applications.py", line 90, in __call__
    await self.middleware_stack(scope, receive, send)
  File "C:\Users\Sachin\AppData\Roaming\Python\Python314\site-packages\starlette\middleware\errors.py", line 151, in __call__
    await self.app(scope, receive, send)
  File "C:\Users\Sachin\AppData\Roaming\Python\Python314\site-packages\starlette\middleware\cors.py", line 80, in __call__
    await self.app(scope, receive, send)
  File "C:\Users\Sachin\AppData\Roaming\Python\Python314\site-packages\starlette\middleware\exceptions.py", line 63, in __call__
    await wrap_app_handling_exceptions(self.app, conn)(scope, receive, send)
  File "C:\Users\Sachin\AppData\Roaming\Python\Python314\site-packages\starlette\_exception_handler.py", line 53, in wrapped_app
    raise exc
  File "C:\Users\Sachin\AppData\Roaming\Python\Python314\site-packages\starlette\_exception_handler.py", line 42, in wrapped_app
    await app(scope, receive, sender)
  File "C:\Users\Sachin\AppData\Roaming\Python\Python314\site-packages\fastapi\middleware\asyncexitstack.py", line 18, in __call__
    await self.app(scope, receive, send)
  File "C:\Users\Sachin\AppData\Roaming\Python\Python314\site-packages\starlette\routing.py", line 660, in __call__
    await self.middleware_stack(scope, receive, send)
  File "C:\Users\Sachin\AppData\Roaming\Python\Python314\site-packages\starlette\routing.py", line 680, in app
    await route.handle(scope, receive, send)
  File "C:\Users\Sachin\AppData\Roaming\Python\Python314\site-packages\starlette\routing.py", line 350, in handle
    await self.app(scope, receive, send)
  File "C:\Users\Sachin\AppData\Roaming\Python\Python314\site-packages\fastapi\routing.py", line 160, in app
    await wrap_app_handling_exceptions(app, session)(scope, receive, send)
  File "C:\Users\Sachin\AppData\Roaming\Python\Python314\site-packages\starlette\_exception_handler.py", line 53, in wrapped_app
    raise exc
  File "C:\Users\Sachin\AppData\Roaming\Python\Python314\site-packages\starlette\_exception_handler.py", line 42, in wrapped_app
    await app(scope, receive, sender)
  File "C:\Users\Sachin\AppData\Roaming\Python\Python314\site-packages\fastapi\routing.py", line 157, in app
    await func(session)
  File "C:\Users\Sachin\AppData\Roaming\Python\Python314\site-packages\fastapi\routing.py", line 764, in app
    await dependant.call(**solved_result.values)
  File "C:\Users\Sachin\OneDrive\Desktop\STOCKIT1\backend\app\api\routes.py", line 148, in stock_socket
    price = get_live_price(symbol)
  File "C:\Users\Sachin\OneDrive\Desktop\STOCKIT1\backend\app\services\market_data.py", line 125, in get_live_price
    if info.get("lastPrice"):
       ~~~~~~~~^^^^^^^^^^^^^
  File "C:\Users\Sachin\AppData\Roaming\Python\Python314\site-packages\yfinance\scrapers\quote.py", line 101, in get
    return self[key]
           ~~~~^^^^^
  File "C:\Users\Sachin\AppData\Roaming\Python\Python314\site-packages\yfinance\scrapers\quote.py", line 111, in __getitem__
    return getattr(self, k)
  File "C:\Users\Sachin\AppData\Roaming\Python\Python314\site-packages\yfinance\scrapers\quote.py", line 248, in last_price
    prices = self._get_1y_prices()
  File "C:\Users\Sachin\AppData\Roaming\Python\Python314\site-packages\yfinance\scrapers\quote.py", line 130, in _get_1y_prices
    self._prices_1y = self._tkr.history(period="1y", auto_adjust=False, keepna=True)
                      ~~~~~~~~~~~~~~~~~^^^^^^^^^^^^^^^^^^^^^^^^^^^^^^^^^^^^^^^^^^^^^
  File "C:\Users\Sachin\AppData\Roaming\Python\Python314\site-packages\yfinance\utils.py", line 95, in wrapper
    result = func(*args, **kwargs)
  File "C:\Users\Sachin\AppData\Roaming\Python\Python314\site-packages\yfinance\base.py", line 129, in history
    return self._lazy_load_price_history().history(*args, **kwargs)
           ~~~~~~~~~~~~~~~~~~~~~~~~~~~~~~~~~~~~~~~^^^^^^^^^^^^^^^^^
  File "C:\Users\Sachin\AppData\Roaming\Python\Python314\site-packages\yfinance\utils.py", line 95, in wrapper
    result = func(*args, **kwargs)
  File "C:\Users\Sachin\AppData\Roaming\Python\Python314\site-packages\yfinance\scrapers\history.py", line 224, in history
    if data['chart']['result'] is None:
       ~~~~^^^^^^^^^
TypeError: 'NoneType' object is not subscriptable
INFO:     connection open
INFO:     connection closed
INFO:     127.0.0.1:55132 - "GET /api/stock/RELIANCE.NS HTTP/1.1" 500 Internal Server Error
ERROR:    Exception in ASGI application
Traceback (most recent call last):
  File "C:\Users\Sachin\AppData\Roaming\Python\Python314\site-packages\uvicorn\protocols\http\h11_impl.py", line 410, in run_asgi
    result = await app(  # type: ignore[func-returns-value]
             ^^^^^^^^^^^^^^^^^^^^^^^^^^^^^^^^^^^^^^^^^^^^^^
        self.scope, self.receive, self.send
        ^^^^^^^^^^^^^^^^^^^^^^^^^^^^^^^^^^^
    )
    ^
  File "C:\Users\Sachin\AppData\Roaming\Python\Python314\site-packages\uvicorn\middleware\proxy_headers.py", line 60, in __call__
    return await self.app(scope, receive, send)
           ^^^^^^^^^^^^^^^^^^^^^^^^^^^^^^^^^^^^
  File "C:\Users\Sachin\AppData\Roaming\Python\Python314\site-packages\fastapi\applications.py", line 1159, in __call__
    await super().__call__(scope, receive, send)
  File "C:\Users\Sachin\AppData\Roaming\Python\Python314\site-packages\starlette\applications.py", line 90, in __call__
    await self.middleware_stack(scope, receive, send)
  File "C:\Users\Sachin\AppData\Roaming\Python\Python314\site-packages\starlette\middleware\errors.py", line 186, in __call__
    raise exc
  File "C:\Users\Sachin\AppData\Roaming\Python\Python314\site-packages\starlette\middleware\errors.py", line 164, in __call__
    await self.app(scope, receive, _send)
  File "C:\Users\Sachin\AppData\Roaming\Python\Python314\site-packages\starlette\middleware\cors.py", line 96, in __call__
    await self.simple_response(scope, receive, send, request_headers=headers)
  File "C:\Users\Sachin\AppData\Roaming\Python\Python314\site-packages\starlette\middleware\cors.py", line 154, in simple_response
    await self.app(scope, receive, send)
  File "C:\Users\Sachin\AppData\Roaming\Python\Python314\site-packages\starlette\middleware\exceptions.py", line 63, in __call__
    await wrap_app_handling_exceptions(self.app, conn)(scope, receive, send)
  File "C:\Users\Sachin\AppData\Roaming\Python\Python314\site-packages\starlette\_exception_handler.py", line 53, in wrapped_app
    raise exc
  File "C:\Users\Sachin\AppData\Roaming\Python\Python314\site-packages\starlette\_exception_handler.py", line 42, in wrapped_app
    await app(scope, receive, sender)
  File "C:\Users\Sachin\AppData\Roaming\Python\Python314\site-packages\fastapi\middleware\asyncexitstack.py", line 18, in __call__
    await self.app(scope, receive, send)
  File "C:\Users\Sachin\AppData\Roaming\Python\Python314\site-packages\starlette\routing.py", line 660, in __call__
    await self.middleware_stack(scope, receive, send)
  File "C:\Users\Sachin\AppData\Roaming\Python\Python314\site-packages\starlette\routing.py", line 680, in app
    await route.handle(scope, receive, send)
  File "C:\Users\Sachin\AppData\Roaming\Python\Python314\site-packages\starlette\routing.py", line 276, in handle
    await self.app(scope, receive, send)
  File "C:\Users\Sachin\AppData\Roaming\Python\Python314\site-packages\fastapi\routing.py", line 134, in app
    await wrap_app_handling_exceptions(app, request)(scope, receive, send)
  File "C:\Users\Sachin\AppData\Roaming\Python\Python314\site-packages\starlette\_exception_handler.py", line 53, in wrapped_app
    raise exc
  File "C:\Users\Sachin\AppData\Roaming\Python\Python314\site-packages\starlette\_exception_handler.py", line 42, in wrapped_app
    await app(scope, receive, sender)
  File "C:\Users\Sachin\AppData\Roaming\Python\Python314\site-packages\fastapi\routing.py", line 120, in app
    response = await f(request)
               ^^^^^^^^^^^^^^^^
  File "C:\Users\Sachin\AppData\Roaming\Python\Python314\site-packages\fastapi\routing.py", line 674, in app
    raw_response = await run_endpoint_function(
                   ^^^^^^^^^^^^^^^^^^^^^^^^^^^^
    ...<3 lines>...
    )
    ^
  File "C:\Users\Sachin\AppData\Roaming\Python\Python314\site-packages\fastapi\routing.py", line 330, in run_endpoint_function
    return await run_in_threadpool(dependant.call, **values)
           ^^^^^^^^^^^^^^^^^^^^^^^^^^^^^^^^^^^^^^^^^^^^^^^^^
  File "C:\Users\Sachin\AppData\Roaming\Python\Python314\site-packages\starlette\concurrency.py", line 32, in run_in_threadpool
    return await anyio.to_thread.run_sync(func)
           ^^^^^^^^^^^^^^^^^^^^^^^^^^^^^^^^^^^^
  File "C:\Users\Sachin\AppData\Roaming\Python\Python314\site-packages\anyio\to_thread.py", line 63, in run_sync
    return await get_async_backend().run_sync_in_worker_thread(
           ^^^^^^^^^^^^^^^^^^^^^^^^^^^^^^^^^^^^^^^^^^^^^^^^^^^^
        func, args, abandon_on_cancel=abandon_on_cancel, limiter=limiter
        ^^^^^^^^^^^^^^^^^^^^^^^^^^^^^^^^^^^^^^^^^^^^^^^^^^^^^^^^^^^^^^^^
    )
    ^
  File "C:\Users\Sachin\AppData\Roaming\Python\Python314\site-packages\anyio\_backends\_asyncio.py", line 2518, in run_sync_in_worker_thread
    return await future
           ^^^^^^^^^^^^
  File "C:\Users\Sachin\AppData\Roaming\Python\Python314\site-packages\anyio\_backends\_asyncio.py", line 1002, in run
    result = context.run(func, *args)
  File "C:\Users\Sachin\OneDrive\Desktop\STOCKIT1\backend\app\api\routes.py", line 82, in stock_details
    return get_stock_snapshot(symbol)
  File "C:\Users\Sachin\OneDrive\Desktop\STOCKIT1\backend\app\services\market_data.py", line 88, in get_stock_snapshot
    info, history = _prepare_history(symbol)
                    ~~~~~~~~~~~~~~~~^^^^^^^^
  File "C:\Users\Sachin\OneDrive\Desktop\STOCKIT1\backend\app\services\market_data.py", line 51, in _prepare_history
    history = ticker.history(period=period, interval=interval, auto_adjust=False)
  File "C:\Users\Sachin\AppData\Roaming\Python\Python314\site-packages\yfinance\utils.py", line 95, in wrapper
    result = func(*args, **kwargs)
  File "C:\Users\Sachin\AppData\Roaming\Python\Python314\site-packages\yfinance\base.py", line 129, in history
    return self._lazy_load_price_history().history(*args, **kwargs)
           ~~~~~~~~~~~~~~~~~~~~~~~~~~~~~~~~~~~~~~~^^^^^^^^^^^^^^^^^
  File "C:\Users\Sachin\AppData\Roaming\Python\Python314\site-packages\yfinance\utils.py", line 95, in wrapper
    result = func(*args, **kwargs)
  File "C:\Users\Sachin\AppData\Roaming\Python\Python314\site-packages\yfinance\scrapers\history.py", line 224, in history
    if data['chart']['result'] is None:
       ~~~~^^^^^^^^^
TypeError: 'NoneType' object is not subscriptable
INFO:     127.0.0.1:49810 - "GET /api/predict/RELIANCE.NS HTTP/1.1" 500 Internal Server Error
ERROR:    Exception in ASGI application
Traceback (most recent call last):
  File "C:\Users\Sachin\AppData\Roaming\Python\Python314\site-packages\uvicorn\protocols\http\h11_impl.py", line 410, in run_asgi
    result = await app(  # type: ignore[func-returns-value]
             ^^^^^^^^^^^^^^^^^^^^^^^^^^^^^^^^^^^^^^^^^^^^^^
        self.scope, self.receive, self.send
        ^^^^^^^^^^^^^^^^^^^^^^^^^^^^^^^^^^^
    )
    ^
  File "C:\Users\Sachin\AppData\Roaming\Python\Python314\site-packages\uvicorn\middleware\proxy_headers.py", line 60, in __call__
    return await self.app(scope, receive, send)
           ^^^^^^^^^^^^^^^^^^^^^^^^^^^^^^^^^^^^
  File "C:\Users\Sachin\AppData\Roaming\Python\Python314\site-packages\fastapi\applications.py", line 1159, in __call__
    await super().__call__(scope, receive, send)
  File "C:\Users\Sachin\AppData\Roaming\Python\Python314\site-packages\starlette\applications.py", line 90, in __call__
    await self.middleware_stack(scope, receive, send)
  File "C:\Users\Sachin\AppData\Roaming\Python\Python314\site-packages\starlette\middleware\errors.py", line 186, in __call__
    raise exc
  File "C:\Users\Sachin\AppData\Roaming\Python\Python314\site-packages\starlette\middleware\errors.py", line 164, in __call__
    await self.app(scope, receive, _send)
  File "C:\Users\Sachin\AppData\Roaming\Python\Python314\site-packages\starlette\middleware\cors.py", line 96, in __call__
    await self.simple_response(scope, receive, send, request_headers=headers)
  File "C:\Users\Sachin\AppData\Roaming\Python\Python314\site-packages\starlette\middleware\cors.py", line 154, in simple_response
    await self.app(scope, receive, send)
  File "C:\Users\Sachin\AppData\Roaming\Python\Python314\site-packages\starlette\middleware\exceptions.py", line 63, in __call__
    await wrap_app_handling_exceptions(self.app, conn)(scope, receive, send)
  File "C:\Users\Sachin\AppData\Roaming\Python\Python314\site-packages\starlette\_exception_handler.py", line 53, in wrapped_app
    raise exc
  File "C:\Users\Sachin\AppData\Roaming\Python\Python314\site-packages\starlette\_exception_handler.py", line 42, in wrapped_app
    await app(scope, receive, sender)
  File "C:\Users\Sachin\AppData\Roaming\Python\Python314\site-packages\fastapi\middleware\asyncexitstack.py", line 18, in __call__
    await self.app(scope, receive, send)
  File "C:\Users\Sachin\AppData\Roaming\Python\Python314\site-packages\starlette\routing.py", line 660, in __call__
    await self.middleware_stack(scope, receive, send)
  File "C:\Users\Sachin\AppData\Roaming\Python\Python314\site-packages\starlette\routing.py", line 680, in app
    await route.handle(scope, receive, send)
  File "C:\Users\Sachin\AppData\Roaming\Python\Python314\site-packages\starlette\routing.py", line 276, in handle
    await self.app(scope, receive, send)
  File "C:\Users\Sachin\AppData\Roaming\Python\Python314\site-packages\fastapi\routing.py", line 134, in app
    await wrap_app_handling_exceptions(app, request)(scope, receive, send)
  File "C:\Users\Sachin\AppData\Roaming\Python\Python314\site-packages\starlette\_exception_handler.py", line 53, in wrapped_app
    raise exc
  File "C:\Users\Sachin\AppData\Roaming\Python\Python314\site-packages\starlette\_exception_handler.py", line 42, in wrapped_app
    await app(scope, receive, sender)
  File "C:\Users\Sachin\AppData\Roaming\Python\Python314\site-packages\fastapi\routing.py", line 120, in app
    response = await f(request)
               ^^^^^^^^^^^^^^^^
  File "C:\Users\Sachin\AppData\Roaming\Python\Python314\site-packages\fastapi\routing.py", line 674, in app
    raw_response = await run_endpoint_function(
                   ^^^^^^^^^^^^^^^^^^^^^^^^^^^^
    ...<3 lines>...
    )
    ^
  File "C:\Users\Sachin\AppData\Roaming\Python\Python314\site-packages\fastapi\routing.py", line 330, in run_endpoint_function
    return await run_in_threadpool(dependant.call, **values)
           ^^^^^^^^^^^^^^^^^^^^^^^^^^^^^^^^^^^^^^^^^^^^^^^^^
  File "C:\Users\Sachin\AppData\Roaming\Python\Python314\site-packages\starlette\concurrency.py", line 32, in run_in_threadpool
    return await anyio.to_thread.run_sync(func)
           ^^^^^^^^^^^^^^^^^^^^^^^^^^^^^^^^^^^^
  File "C:\Users\Sachin\AppData\Roaming\Python\Python314\site-packages\anyio\to_thread.py", line 63, in run_sync
    return await get_async_backend().run_sync_in_worker_thread(
           ^^^^^^^^^^^^^^^^^^^^^^^^^^^^^^^^^^^^^^^^^^^^^^^^^^^^
        func, args, abandon_on_cancel=abandon_on_cancel, limiter=limiter
        ^^^^^^^^^^^^^^^^^^^^^^^^^^^^^^^^^^^^^^^^^^^^^^^^^^^^^^^^^^^^^^^^
    )
    ^
  File "C:\Users\Sachin\AppData\Roaming\Python\Python314\site-packages\anyio\_backends\_asyncio.py", line 2518, in run_sync_in_worker_thread
    return await future
           ^^^^^^^^^^^^
  File "C:\Users\Sachin\AppData\Roaming\Python\Python314\site-packages\anyio\_backends\_asyncio.py", line 1002, in run
    result = context.run(func, *args)
  File "C:\Users\Sachin\OneDrive\Desktop\STOCKIT1\backend\app\api\routes.py", line 90, in predict_price
    history = yf.Ticker(symbol).history(period="6mo", interval="1d", auto_adjust=False)
  File "C:\Users\Sachin\AppData\Roaming\Python\Python314\site-packages\yfinance\utils.py", line 95, in wrapper
    result = func(*args, **kwargs)
  File "C:\Users\Sachin\AppData\Roaming\Python\Python314\site-packages\yfinance\base.py", line 129, in history
    return self._lazy_load_price_history().history(*args, **kwargs)
           ~~~~~~~~~~~~~~~~~~~~~~~~~~~~~~~~~~~~~~~^^^^^^^^^^^^^^^^^
  File "C:\Users\Sachin\AppData\Roaming\Python\Python314\site-packages\yfinance\utils.py", line 95, in wrapper
    result = func(*args, **kwargs)
  File "C:\Users\Sachin\AppData\Roaming\Python\Python314\site-packages\yfinance\scrapers\history.py", line 224, in history
    if data['chart']['result'] is None:
       ~~~~^^^^^^^^^
TypeError: 'NoneType' object is not subscriptable
INFO:     127.0.0.1:60900 - "GET /api/stock/RELIANCE.NS HTTP/1.1" 500 Internal Server Error
ERROR:    Exception in ASGI application
Traceback (most recent call last):
  File "C:\Users\Sachin\AppData\Roaming\Python\Python314\site-packages\uvicorn\protocols\http\h11_impl.py", line 410, in run_asgi
    result = await app(  # type: ignore[func-returns-value]
             ^^^^^^^^^^^^^^^^^^^^^^^^^^^^^^^^^^^^^^^^^^^^^^
        self.scope, self.receive, self.send
        ^^^^^^^^^^^^^^^^^^^^^^^^^^^^^^^^^^^
    )
    ^
  File "C:\Users\Sachin\AppData\Roaming\Python\Python314\site-packages\uvicorn\middleware\proxy_headers.py", line 60, in __call__
    return await self.app(scope, receive, send)
           ^^^^^^^^^^^^^^^^^^^^^^^^^^^^^^^^^^^^
  File "C:\Users\Sachin\AppData\Roaming\Python\Python314\site-packages\fastapi\applications.py", line 1159, in __call__
    await super().__call__(scope, receive, send)
  File "C:\Users\Sachin\AppData\Roaming\Python\Python314\site-packages\starlette\applications.py", line 90, in __call__
    await self.middleware_stack(scope, receive, send)
  File "C:\Users\Sachin\AppData\Roaming\Python\Python314\site-packages\starlette\middleware\errors.py", line 186, in __call__
    raise exc
  File "C:\Users\Sachin\AppData\Roaming\Python\Python314\site-packages\starlette\middleware\errors.py", line 164, in __call__
    await self.app(scope, receive, _send)
  File "C:\Users\Sachin\AppData\Roaming\Python\Python314\site-packages\starlette\middleware\cors.py", line 96, in __call__
    await self.simple_response(scope, receive, send, request_headers=headers)
  File "C:\Users\Sachin\AppData\Roaming\Python\Python314\site-packages\starlette\middleware\cors.py", line 154, in simple_response
    await self.app(scope, receive, send)
  File "C:\Users\Sachin\AppData\Roaming\Python\Python314\site-packages\starlette\middleware\exceptions.py", line 63, in __call__
    await wrap_app_handling_exceptions(self.app, conn)(scope, receive, send)
  File "C:\Users\Sachin\AppData\Roaming\Python\Python314\site-packages\starlette\_exception_handler.py", line 53, in wrapped_app
    raise exc
  File "C:\Users\Sachin\AppData\Roaming\Python\Python314\site-packages\starlette\_exception_handler.py", line 42, in wrapped_app
    await app(scope, receive, sender)
  File "C:\Users\Sachin\AppData\Roaming\Python\Python314\site-packages\fastapi\middleware\asyncexitstack.py", line 18, in __call__
    await self.app(scope, receive, send)
  File "C:\Users\Sachin\AppData\Roaming\Python\Python314\site-packages\starlette\routing.py", line 660, in __call__
    await self.middleware_stack(scope, receive, send)
  File "C:\Users\Sachin\AppData\Roaming\Python\Python314\site-packages\starlette\routing.py", line 680, in app
    await route.handle(scope, receive, send)
  File "C:\Users\Sachin\AppData\Roaming\Python\Python314\site-packages\starlette\routing.py", line 276, in handle
    await self.app(scope, receive, send)
  File "C:\Users\Sachin\AppData\Roaming\Python\Python314\site-packages\fastapi\routing.py", line 134, in app
    await wrap_app_handling_exceptions(app, request)(scope, receive, send)
  File "C:\Users\Sachin\AppData\Roaming\Python\Python314\site-packages\starlette\_exception_handler.py", line 53, in wrapped_app
    raise exc
  File "C:\Users\Sachin\AppData\Roaming\Python\Python314\site-packages\starlette\_exception_handler.py", line 42, in wrapped_app
    await app(scope, receive, sender)
  File "C:\Users\Sachin\AppData\Roaming\Python\Python314\site-packages\fastapi\routing.py", line 120, in app
    response = await f(request)
               ^^^^^^^^^^^^^^^^
  File "C:\Users\Sachin\AppData\Roaming\Python\Python314\site-packages\fastapi\routing.py", line 674, in app
    raw_response = await run_endpoint_function(
                   ^^^^^^^^^^^^^^^^^^^^^^^^^^^^
    ...<3 lines>...
    )
    ^
  File "C:\Users\Sachin\AppData\Roaming\Python\Python314\site-packages\fastapi\routing.py", line 330, in run_endpoint_function
    return await run_in_threadpool(dependant.call, **values)
           ^^^^^^^^^^^^^^^^^^^^^^^^^^^^^^^^^^^^^^^^^^^^^^^^^
  File "C:\Users\Sachin\AppData\Roaming\Python\Python314\site-packages\starlette\concurrency.py", line 32, in run_in_threadpool
    return await anyio.to_thread.run_sync(func)
           ^^^^^^^^^^^^^^^^^^^^^^^^^^^^^^^^^^^^
  File "C:\Users\Sachin\AppData\Roaming\Python\Python314\site-packages\anyio\to_thread.py", line 63, in run_sync
    return await get_async_backend().run_sync_in_worker_thread(
           ^^^^^^^^^^^^^^^^^^^^^^^^^^^^^^^^^^^^^^^^^^^^^^^^^^^^
        func, args, abandon_on_cancel=abandon_on_cancel, limiter=limiter
        ^^^^^^^^^^^^^^^^^^^^^^^^^^^^^^^^^^^^^^^^^^^^^^^^^^^^^^^^^^^^^^^^
    )
    ^
  File "C:\Users\Sachin\AppData\Roaming\Python\Python314\site-packages\anyio\_backends\_asyncio.py", line 2518, in run_sync_in_worker_thread
    return await future
           ^^^^^^^^^^^^
  File "C:\Users\Sachin\AppData\Roaming\Python\Python314\site-packages\anyio\_backends\_asyncio.py", line 1002, in run
    result = context.run(func, *args)
  File "C:\Users\Sachin\OneDrive\Desktop\STOCKIT1\backend\app\api\routes.py", line 82, in stock_details
    return get_stock_snapshot(symbol)
  File "C:\Users\Sachin\OneDrive\Desktop\STOCKIT1\backend\app\services\market_data.py", line 88, in get_stock_snapshot
    info, history = _prepare_history(symbol)
                    ~~~~~~~~~~~~~~~~^^^^^^^^
  File "C:\Users\Sachin\OneDrive\Desktop\STOCKIT1\backend\app\services\market_data.py", line 51, in _prepare_history
    history = ticker.history(period=period, interval=interval, auto_adjust=False)
  File "C:\Users\Sachin\AppData\Roaming\Python\Python314\site-packages\yfinance\utils.py", line 95, in wrapper
    result = func(*args, **kwargs)
  File "C:\Users\Sachin\AppData\Roaming\Python\Python314\site-packages\yfinance\base.py", line 129, in history
    return self._lazy_load_price_history().history(*args, **kwargs)
           ~~~~~~~~~~~~~~~~~~~~~~~~~~~~~~~~~~~~~~~^^^^^^^^^^^^^^^^^
  File "C:\Users\Sachin\AppData\Roaming\Python\Python314\site-packages\yfinance\utils.py", line 95, in wrapper
    result = func(*args, **kwargs)
  File "C:\Users\Sachin\AppData\Roaming\Python\Python314\site-packages\yfinance\scrapers\history.py", line 224, in history
    if data['chart']['result'] is None:
       ~~~~^^^^^^^^^
TypeError: 'NoneType' object is not subscriptable
ERROR:    Exception in ASGI application
Traceback (most recent call last):
  File "C:\Users\Sachin\AppData\Roaming\Python\Python314\site-packages\uvicorn\protocols\http\h11_impl.py", line 410, in run_asgi
    result = await app(  # type: ignore[func-returns-value]
             ^^^^^^^^^^^^^^^^^^^^^^^^^^^^^^^^^^^^^^^^^^^^^^
        self.scope, self.receive, self.send
        ^^^^^^^^^^^^^^^^^^^^^^^^^^^^^^^^^^^
    )
    ^
  File "C:\Users\Sachin\AppData\Roaming\Python\Python314\site-packages\uvicorn\middleware\proxy_headers.py", line 60, in __call__
    return await self.app(scope, receive, send)
           ^^^^^^^^^^^^^^^^^^^^^^^^^^^^^^^^^^^^
  File "C:\Users\Sachin\AppData\Roaming\Python\Python314\site-packages\fastapi\applications.py", line 1159, in __call__
    await super().__call__(scope, receive, send)
  File "C:\Users\Sachin\AppData\Roaming\Python\Python314\site-packages\starlette\applications.py", line 90, in __call__
    await self.middleware_stack(scope, receive, send)
  File "C:\Users\Sachin\AppData\Roaming\Python\Python314\site-packages\starlette\middleware\errors.py", line 186, in __call__
    raise exc
  File "C:\Users\Sachin\AppData\Roaming\Python\Python314\site-packages\starlette\middleware\errors.py", line 164, in __call__
    await self.app(scope, receive, _send)
  File "C:\Users\Sachin\AppData\Roaming\Python\Python314\site-packages\starlette\middleware\cors.py", line 96, in __call__
    await self.simple_response(scope, receive, send, request_headers=headers)
  File "C:\Users\Sachin\AppData\Roaming\Python\Python314\site-packages\starlette\middleware\cors.py", line 154, in simple_response
    await self.app(scope, receive, send)
  File "C:\Users\Sachin\AppData\Roaming\Python\Python314\site-packages\starlette\middleware\exceptions.py", line 63, in __call__
    await wrap_app_handling_exceptions(self.app, conn)(scope, receive, send)
  File "C:\Users\Sachin\AppData\Roaming\Python\Python314\site-packages\starlette\_exception_handler.py", line 53, in wrapped_app
    raise exc
  File "C:\Users\Sachin\AppData\Roaming\Python\Python314\site-packages\starlette\_exception_handler.py", line 42, in wrapped_app
    await app(scope, receive, sender)
  File "C:\Users\Sachin\AppData\Roaming\Python\Python314\site-packages\fastapi\middleware\asyncexitstack.py", line 18, in __call__
    await self.app(scope, receive, send)
  File "C:\Users\Sachin\AppData\Roaming\Python\Python314\site-packages\starlette\routing.py", line 660, in __call__
    await self.middleware_stack(scope, receive, send)
  File "C:\Users\Sachin\AppData\Roaming\Python\Python314\site-packages\starlette\routing.py", line 680, in app
    await route.handle(scope, receive, send)
  File "C:\Users\Sachin\AppData\Roaming\Python\Python314\site-packages\starlette\routing.py", line 276, in handle
    await self.app(scope, receive, send)
  File "C:\Users\Sachin\AppData\Roaming\Python\Python314\site-packages\fastapi\routing.py", line 134, in app
    await wrap_app_handling_exceptions(app, request)(scope, receive, send)
  File "C:\Users\Sachin\AppData\Roaming\Python\Python314\site-packages\starlette\_exception_handler.py", line 53, in wrapped_app
    raise exc
  File "C:\Users\Sachin\AppData\Roaming\Python\Python314\site-packages\starlette\_exception_handler.py", line 42, in wrapped_app
    await app(scope, receive, sender)
  File "C:\Users\Sachin\AppData\Roaming\Python\Python314\site-packages\fastapi\routing.py", line 120, in app
    response = await f(request)
               ^^^^^^^^^^^^^^^^
  File "C:\Users\Sachin\AppData\Roaming\Python\Python314\site-packages\fastapi\routing.py", line 674, in app
    raw_response = await run_endpoint_function(
                   ^^^^^^^^^^^^^^^^^^^^^^^^^^^^
    ...<3 lines>...
    )
    ^
  File "C:\Users\Sachin\AppData\Roaming\Python\Python314\site-packages\fastapi\routing.py", line 330, in run_endpoint_function
    return await run_in_threadpool(dependant.call, **values)
           ^^^^^^^^^^^^^^^^^^^^^^^^^^^^^^^^^^^^^^^^^^^^^^^^^
  File "C:\Users\Sachin\AppData\Roaming\Python\Python314\site-packages\starlette\concurrency.py", line 32, in run_in_threadpool
    return await anyio.to_thread.run_sync(func)
           ^^^^^^^^^^^^^^^^^^^^^^^^^^^^^^^^^^^^
  File "C:\Users\Sachin\AppData\Roaming\Python\Python314\site-packages\anyio\to_thread.py", line 63, in run_sync
    return await get_async_backend().run_sync_in_worker_thread(
           ^^^^^^^^^^^^^^^^^^^^^^^^^^^^^^^^^^^^^^^^^^^^^^^^^^^^
        func, args, abandon_on_cancel=abandon_on_cancel, limiter=limiter
        ^^^^^^^^^^^^^^^^^^^^^^^^^^^^^^^^^^^^^^^^^^^^^^^^^^^^^^^^^^^^^^^^
    )
    ^
  File "C:\Users\Sachin\AppData\Roaming\Python\Python314\site-packages\anyio\_backends\_asyncio.py", line 2518, in run_sync_in_worker_thread
    return await future
           ^^^^^^^^^^^^
  File "C:\Users\Sachin\AppData\Roaming\Python\Python314\site-packages\anyio\_backends\_asyncio.py", line 1002, in run
    result = context.run(func, *args)
  File "C:\Users\Sachin\OneDrive\Desktop\STOCKIT1\backend\app\api\routes.py", line 90, in predict_price
    history = yf.Ticker(symbol).history(period="6mo", interval="1d", auto_adjust=False)
  File "C:\Users\Sachin\AppData\Roaming\Python\Python314\site-packages\yfinance\utils.py", line 95, in wrapper
    result = func(*args, **kwargs)
  File "C:\Users\Sachin\AppData\Roaming\Python\Python314\site-packages\yfinance\base.py", line 129, in history
    return self._lazy_load_price_history().history(*args, **kwargs)
           ~~~~~~~~~~~~~~~~~~~~~~~~~~~~~~~~~~~~~~~^^^^^^^^^^^^^^^^^
  File "C:\Users\Sachin\AppData\Roaming\Python\Python314\site-packages\yfinance\utils.py", line 95, in wrapper
    result = func(*args, **kwargs)
  File "C:\Users\Sachin\AppData\Roaming\Python\Python314\site-packages\yfinance\scrapers\history.py", line 224, in history
    if data['chart']['result'] is None:
       ~~~~^^^^^^^^^
TypeError: 'NoneType' object is not subscriptable
ERROR:    Exception in ASGI application
Traceback (most recent call last):
  File "C:\Users\Sachin\AppData\Roaming\Python\Python314\site-packages\uvicorn\protocols\http\h11_impl.py", line 410, in run_asgi
    result = await app(  # type: ignore[func-returns-value]
             ^^^^^^^^^^^^^^^^^^^^^^^^^^^^^^^^^^^^^^^^^^^^^^
        self.scope, self.receive, self.send
        ^^^^^^^^^^^^^^^^^^^^^^^^^^^^^^^^^^^
    )
    ^
  File "C:\Users\Sachin\AppData\Roaming\Python\Python314\site-packages\uvicorn\middleware\proxy_headers.py", line 60, in __call__
    return await self.app(scope, receive, send)
           ^^^^^^^^^^^^^^^^^^^^^^^^^^^^^^^^^^^^
  File "C:\Users\Sachin\AppData\Roaming\Python\Python314\site-packages\fastapi\applications.py", line 1159, in __call__
    await super().__call__(scope, receive, send)
  File "C:\Users\Sachin\AppData\Roaming\Python\Python314\site-packages\starlette\applications.py", line 90, in __call__
    await self.middleware_stack(scope, receive, send)
  File "C:\Users\Sachin\AppData\Roaming\Python\Python314\site-packages\starlette\middleware\errors.py", line 186, in __call__
    raise exc
  File "C:\Users\Sachin\AppData\Roaming\Python\Python314\site-packages\starlette\middleware\errors.py", line 164, in __call__
    await self.app(scope, receive, _send)
  File "C:\Users\Sachin\AppData\Roaming\Python\Python314\site-packages\starlette\middleware\cors.py", line 96, in __call__
    await self.simple_response(scope, receive, send, request_headers=headers)
  File "C:\Users\Sachin\AppData\Roaming\Python\Python314\site-packages\starlette\middleware\cors.py", line 154, in simple_response
    await self.app(scope, receive, send)
  File "C:\Users\Sachin\AppData\Roaming\Python\Python314\site-packages\starlette\middleware\exceptions.py", line 63, in __call__
    await wrap_app_handling_exceptions(self.app, conn)(scope, receive, send)
  File "C:\Users\Sachin\AppData\Roaming\Python\Python314\site-packages\starlette\_exception_handler.py", line 53, in wrapped_app
    raise exc
  File "C:\Users\Sachin\AppData\Roaming\Python\Python314\site-packages\starlette\_exception_handler.py", line 42, in wrapped_app
    await app(scope, receive, sender)
  File "C:\Users\Sachin\AppData\Roaming\Python\Python314\site-packages\fastapi\middleware\asyncexitstack.py", line 18, in __call__
    await self.app(scope, receive, send)
  File "C:\Users\Sachin\AppData\Roaming\Python\Python314\site-packages\starlette\routing.py", line 660, in __call__
    await self.middleware_stack(scope, receive, send)
  File "C:\Users\Sachin\AppData\Roaming\Python\Python314\site-packages\starlette\routing.py", line 680, in app
    await route.handle(scope, receive, send)
  File "C:\Users\Sachin\AppData\Roaming\Python\Python314\site-packages\starlette\routing.py", line 276, in handle
    await self.app(scope, receive, send)
  File "C:\Users\Sachin\AppData\Roaming\Python\Python314\site-packages\fastapi\routing.py", line 134, in app
    await wrap_app_handling_exceptions(app, request)(scope, receive, send)
  File "C:\Users\Sachin\AppData\Roaming\Python\Python314\site-packages\starlette\_exception_handler.py", line 53, in wrapped_app
    raise exc
  File "C:\Users\Sachin\AppData\Roaming\Python\Python314\site-packages\starlette\_exception_handler.py", line 42, in wrapped_app
    await app(scope, receive, sender)
  File "C:\Users\Sachin\AppData\Roaming\Python\Python314\site-packages\fastapi\routing.py", line 120, in app
    response = await f(request)
               ^^^^^^^^^^^^^^^^
  File "C:\Users\Sachin\AppData\Roaming\Python\Python314\site-packages\fastapi\routing.py", line 674, in app
    raw_response = await run_endpoint_function(
                   ^^^^^^^^^^^^^^^^^^^^^^^^^^^^
    ...<3 lines>...
    )
    ^
  File "C:\Users\Sachin\AppData\Roaming\Python\Python314\site-packages\fastapi\routing.py", line 330, in run_endpoint_function
    return await run_in_threadpool(dependant.call, **values)
           ^^^^^^^^^^^^^^^^^^^^^^^^^^^^^^^^^^^^^^^^^^^^^^^^^
  File "C:\Users\Sachin\AppData\Roaming\Python\Python314\site-packages\starlette\concurrency.py", line 32, in run_in_threadpool
    return await anyio.to_thread.run_sync(func)
           ^^^^^^^^^^^^^^^^^^^^^^^^^^^^^^^^^^^^
  File "C:\Users\Sachin\AppData\Roaming\Python\Python314\site-packages\anyio\to_thread.py", line 63, in run_sync
    return await get_async_backend().run_sync_in_worker_thread(
           ^^^^^^^^^^^^^^^^^^^^^^^^^^^^^^^^^^^^^^^^^^^^^^^^^^^^
        func, args, abandon_on_cancel=abandon_on_cancel, limiter=limiter
        ^^^^^^^^^^^^^^^^^^^^^^^^^^^^^^^^^^^^^^^^^^^^^^^^^^^^^^^^^^^^^^^^
    )
    ^
  File "C:\Users\Sachin\AppData\Roaming\Python\Python314\site-packages\anyio\_backends\_asyncio.py", line 2518, in run_sync_in_worker_thread
    return await future
           ^^^^^^^^^^^^
  File "C:\Users\Sachin\AppData\Roaming\Python\Python314\site-packages\anyio\_backends\_asyncio.py", line 1002, in run
    result = context.run(func, *args)
  File "C:\Users\Sachin\OneDrive\Desktop\STOCKIT1\backend\app\api\routes.py", line 82, in stock_details
    return get_stock_snapshot(symbol)
  File "C:\Users\Sachin\OneDrive\Desktop\STOCKIT1\backend\app\services\market_data.py", line 88, in get_stock_snapshot
    info, history = _prepare_history(symbol)
                    ~~~~~~~~~~~~~~~~^^^^^^^^
  File "C:\Users\Sachin\OneDrive\Desktop\STOCKIT1\backend\app\services\market_data.py", line 51, in _prepare_history
    history = ticker.history(period=period, interval=interval, auto_adjust=False)
  File "C:\Users\Sachin\AppData\Roaming\Python\Python314\site-packages\yfinance\utils.py", line 95, in wrapper
    result = func(*args, **kwargs)
  File "C:\Users\Sachin\AppData\Roaming\Python\Python314\site-packages\yfinance\base.py", line 129, in history
    return self._lazy_load_price_history().history(*args, **kwargs)
           ~~~~~~~~~~~~~~~~~~~~~~~~~~~~~~~~~~~~~~~^^^^^^^^^^^^^^^^^
  File "C:\Users\Sachin\AppData\Roaming\Python\Python314\site-packages\yfinance\utils.py", line 95, in wrapper
    result = func(*args, **kwargs)
  File "C:\Users\Sachin\AppData\Roaming\Python\Python314\site-packages\yfinance\scrapers\history.py", line 224, in history
    if data['chart']['result'] is None:
       ~~~~^^^^^^^^^
TypeError: 'NoneType' object is not subscriptable
INFO:     127.0.0.1:61726 - "GET /api/stock/RELIANCE.NS HTTP/1.1" 500 Internal Server Error
ERROR:    Exception in ASGI application
Traceback (most recent call last):
  File "C:\Users\Sachin\AppData\Roaming\Python\Python314\site-packages\uvicorn\protocols\http\h11_impl.py", line 410, in run_asgi
    result = await app(  # type: ignore[func-returns-value]
             ^^^^^^^^^^^^^^^^^^^^^^^^^^^^^^^^^^^^^^^^^^^^^^
        self.scope, self.receive, self.send
        ^^^^^^^^^^^^^^^^^^^^^^^^^^^^^^^^^^^
    )
    ^
  File "C:\Users\Sachin\AppData\Roaming\Python\Python314\site-packages\uvicorn\middleware\proxy_headers.py", line 60, in __call__
    return await self.app(scope, receive, send)
           ^^^^^^^^^^^^^^^^^^^^^^^^^^^^^^^^^^^^
  File "C:\Users\Sachin\AppData\Roaming\Python\Python314\site-packages\fastapi\applications.py", line 1159, in __call__
    await super().__call__(scope, receive, send)
  File "C:\Users\Sachin\AppData\Roaming\Python\Python314\site-packages\starlette\applications.py", line 90, in __call__
    await self.middleware_stack(scope, receive, send)
  File "C:\Users\Sachin\AppData\Roaming\Python\Python314\site-packages\starlette\middleware\errors.py", line 186, in __call__
    raise exc
  File "C:\Users\Sachin\AppData\Roaming\Python\Python314\site-packages\starlette\middleware\errors.py", line 164, in __call__
    await self.app(scope, receive, _send)
  File "C:\Users\Sachin\AppData\Roaming\Python\Python314\site-packages\starlette\middleware\cors.py", line 96, in __call__
    await self.simple_response(scope, receive, send, request_headers=headers)
  File "C:\Users\Sachin\AppData\Roaming\Python\Python314\site-packages\starlette\middleware\cors.py", line 154, in simple_response
    await self.app(scope, receive, send)
  File "C:\Users\Sachin\AppData\Roaming\Python\Python314\site-packages\starlette\middleware\exceptions.py", line 63, in __call__
    await wrap_app_handling_exceptions(self.app, conn)(scope, receive, send)
  File "C:\Users\Sachin\AppData\Roaming\Python\Python314\site-packages\starlette\_exception_handler.py", line 53, in wrapped_app
    raise exc
  File "C:\Users\Sachin\AppData\Roaming\Python\Python314\site-packages\starlette\_exception_handler.py", line 42, in wrapped_app
    await app(scope, receive, sender)
  File "C:\Users\Sachin\AppData\Roaming\Python\Python314\site-packages\fastapi\middleware\asyncexitstack.py", line 18, in __call__
    await self.app(scope, receive, send)
  File "C:\Users\Sachin\AppData\Roaming\Python\Python314\site-packages\starlette\routing.py", line 660, in __call__
    await self.middleware_stack(scope, receive, send)
  File "C:\Users\Sachin\AppData\Roaming\Python\Python314\site-packages\starlette\routing.py", line 680, in app
    await route.handle(scope, receive, send)
  File "C:\Users\Sachin\AppData\Roaming\Python\Python314\site-packages\starlette\routing.py", line 276, in handle
    await self.app(scope, receive, send)
  File "C:\Users\Sachin\AppData\Roaming\Python\Python314\site-packages\fastapi\routing.py", line 134, in app
    await wrap_app_handling_exceptions(app, request)(scope, receive, send)
  File "C:\Users\Sachin\AppData\Roaming\Python\Python314\site-packages\starlette\_exception_handler.py", line 53, in wrapped_app
    raise exc
  File "C:\Users\Sachin\AppData\Roaming\Python\Python314\site-packages\starlette\_exception_handler.py", line 42, in wrapped_app
    await app(scope, receive, sender)
  File "C:\Users\Sachin\AppData\Roaming\Python\Python314\site-packages\fastapi\routing.py", line 120, in app
    response = await f(request)
               ^^^^^^^^^^^^^^^^
  File "C:\Users\Sachin\AppData\Roaming\Python\Python314\site-packages\fastapi\routing.py", line 674, in app
    raw_response = await run_endpoint_function(
                   ^^^^^^^^^^^^^^^^^^^^^^^^^^^^
    ...<3 lines>...
    )
    ^
  File "C:\Users\Sachin\AppData\Roaming\Python\Python314\site-packages\fastapi\routing.py", line 330, in run_endpoint_function
    return await run_in_threadpool(dependant.call, **values)
           ^^^^^^^^^^^^^^^^^^^^^^^^^^^^^^^^^^^^^^^^^^^^^^^^^
  File "C:\Users\Sachin\AppData\Roaming\Python\Python314\site-packages\starlette\concurrency.py", line 32, in run_in_threadpool
    return await anyio.to_thread.run_sync(func)
           ^^^^^^^^^^^^^^^^^^^^^^^^^^^^^^^^^^^^
  File "C:\Users\Sachin\AppData\Roaming\Python\Python314\site-packages\anyio\to_thread.py", line 63, in run_sync
    return await get_async_backend().run_sync_in_worker_thread(
           ^^^^^^^^^^^^^^^^^^^^^^^^^^^^^^^^^^^^^^^^^^^^^^^^^^^^
        func, args, abandon_on_cancel=abandon_on_cancel, limiter=limiter
        ^^^^^^^^^^^^^^^^^^^^^^^^^^^^^^^^^^^^^^^^^^^^^^^^^^^^^^^^^^^^^^^^
    )
    ^
  File "C:\Users\Sachin\AppData\Roaming\Python\Python314\site-packages\anyio\_backends\_asyncio.py", line 2518, in run_sync_in_worker_thread
    return await future
           ^^^^^^^^^^^^
  File "C:\Users\Sachin\AppData\Roaming\Python\Python314\site-packages\anyio\_backends\_asyncio.py", line 1002, in run
    result = context.run(func, *args)
  File "C:\Users\Sachin\OneDrive\Desktop\STOCKIT1\backend\app\api\routes.py", line 82, in stock_details
    return get_stock_snapshot(symbol)
  File "C:\Users\Sachin\OneDrive\Desktop\STOCKIT1\backend\app\services\market_data.py", line 88, in get_stock_snapshot
    info, history = _prepare_history(symbol)
                    ~~~~~~~~~~~~~~~~^^^^^^^^
  File "C:\Users\Sachin\OneDrive\Desktop\STOCKIT1\backend\app\services\market_data.py", line 51, in _prepare_history
    history = ticker.history(period=period, interval=interval, auto_adjust=False)
  File "C:\Users\Sachin\AppData\Roaming\Python\Python314\site-packages\yfinance\utils.py", line 95, in wrapper
    result = func(*args, **kwargs)
  File "C:\Users\Sachin\AppData\Roaming\Python\Python314\site-packages\yfinance\base.py", line 129, in history
    return self._lazy_load_price_history().history(*args, **kwargs)
           ~~~~~~~~~~~~~~~~~~~~~~~~~~~~~~~~~~~~~~~^^^^^^^^^^^^^^^^^
  File "C:\Users\Sachin\AppData\Roaming\Python\Python314\site-packages\yfinance\utils.py", line 95, in wrapper
    result = func(*args, **kwargs)
  File "C:\Users\Sachin\AppData\Roaming\Python\Python314\site-packages\yfinance\scrapers\history.py", line 224, in history
    if data['chart']['result'] is None:
       ~~~~^^^^^^^^^
TypeError: 'NoneType' object is not subscriptable
INFO:     127.0.0.1:56110 - "GET /api/predict/RELIANCE.NS HTTP/1.1" 500 Internal Server Error
ERROR:    Exception in ASGI application
Traceback (most recent call last):
  File "C:\Users\Sachin\AppData\Roaming\Python\Python314\site-packages\uvicorn\protocols\http\h11_impl.py", line 410, in run_asgi
    result = await app(  # type: ignore[func-returns-value]
             ^^^^^^^^^^^^^^^^^^^^^^^^^^^^^^^^^^^^^^^^^^^^^^
        self.scope, self.receive, self.send
        ^^^^^^^^^^^^^^^^^^^^^^^^^^^^^^^^^^^
    )
    ^
  File "C:\Users\Sachin\AppData\Roaming\Python\Python314\site-packages\uvicorn\middleware\proxy_headers.py", line 60, in __call__
    return await self.app(scope, receive, send)
           ^^^^^^^^^^^^^^^^^^^^^^^^^^^^^^^^^^^^
  File "C:\Users\Sachin\AppData\Roaming\Python\Python314\site-packages\fastapi\applications.py", line 1159, in __call__
    await super().__call__(scope, receive, send)
  File "C:\Users\Sachin\AppData\Roaming\Python\Python314\site-packages\starlette\applications.py", line 90, in __call__
    await self.middleware_stack(scope, receive, send)
  File "C:\Users\Sachin\AppData\Roaming\Python\Python314\site-packages\starlette\middleware\errors.py", line 186, in __call__
    raise exc
  File "C:\Users\Sachin\AppData\Roaming\Python\Python314\site-packages\starlette\middleware\errors.py", line 164, in __call__
    await self.app(scope, receive, _send)
  File "C:\Users\Sachin\AppData\Roaming\Python\Python314\site-packages\starlette\middleware\cors.py", line 96, in __call__
    await self.simple_response(scope, receive, send, request_headers=headers)
  File "C:\Users\Sachin\AppData\Roaming\Python\Python314\site-packages\starlette\middleware\cors.py", line 154, in simple_response
    await self.app(scope, receive, send)
  File "C:\Users\Sachin\AppData\Roaming\Python\Python314\site-packages\starlette\middleware\exceptions.py", line 63, in __call__
    await wrap_app_handling_exceptions(self.app, conn)(scope, receive, send)
  File "C:\Users\Sachin\AppData\Roaming\Python\Python314\site-packages\starlette\_exception_handler.py", line 53, in wrapped_app
    raise exc
  File "C:\Users\Sachin\AppData\Roaming\Python\Python314\site-packages\starlette\_exception_handler.py", line 42, in wrapped_app
    await app(scope, receive, sender)
  File "C:\Users\Sachin\AppData\Roaming\Python\Python314\site-packages\fastapi\middleware\asyncexitstack.py", line 18, in __call__
    await self.app(scope, receive, send)
  File "C:\Users\Sachin\AppData\Roaming\Python\Python314\site-packages\starlette\routing.py", line 660, in __call__
    await self.middleware_stack(scope, receive, send)
  File "C:\Users\Sachin\AppData\Roaming\Python\Python314\site-packages\starlette\routing.py", line 680, in app
    await route.handle(scope, receive, send)
  File "C:\Users\Sachin\AppData\Roaming\Python\Python314\site-packages\starlette\routing.py", line 276, in handle
    await self.app(scope, receive, send)
  File "C:\Users\Sachin\AppData\Roaming\Python\Python314\site-packages\fastapi\routing.py", line 134, in app
    await wrap_app_handling_exceptions(app, request)(scope, receive, send)
  File "C:\Users\Sachin\AppData\Roaming\Python\Python314\site-packages\starlette\_exception_handler.py", line 53, in wrapped_app
    raise exc
  File "C:\Users\Sachin\AppData\Roaming\Python\Python314\site-packages\starlette\_exception_handler.py", line 42, in wrapped_app
    await app(scope, receive, sender)
  File "C:\Users\Sachin\AppData\Roaming\Python\Python314\site-packages\fastapi\routing.py", line 120, in app
    response = await f(request)
               ^^^^^^^^^^^^^^^^
  File "C:\Users\Sachin\AppData\Roaming\Python\Python314\site-packages\fastapi\routing.py", line 674, in app
    raw_response = await run_endpoint_function(
                   ^^^^^^^^^^^^^^^^^^^^^^^^^^^^
    ...<3 lines>...
    )
    ^
  File "C:\Users\Sachin\AppData\Roaming\Python\Python314\site-packages\fastapi\routing.py", line 330, in run_endpoint_function
    return await run_in_threadpool(dependant.call, **values)
           ^^^^^^^^^^^^^^^^^^^^^^^^^^^^^^^^^^^^^^^^^^^^^^^^^
  File "C:\Users\Sachin\AppData\Roaming\Python\Python314\site-packages\starlette\concurrency.py", line 32, in run_in_threadpool
    return await anyio.to_thread.run_sync(func)
           ^^^^^^^^^^^^^^^^^^^^^^^^^^^^^^^^^^^^
  File "C:\Users\Sachin\AppData\Roaming\Python\Python314\site-packages\anyio\to_thread.py", line 63, in run_sync
    return await get_async_backend().run_sync_in_worker_thread(
           ^^^^^^^^^^^^^^^^^^^^^^^^^^^^^^^^^^^^^^^^^^^^^^^^^^^^
        func, args, abandon_on_cancel=abandon_on_cancel, limiter=limiter
        ^^^^^^^^^^^^^^^^^^^^^^^^^^^^^^^^^^^^^^^^^^^^^^^^^^^^^^^^^^^^^^^^
    )
    ^
  File "C:\Users\Sachin\AppData\Roaming\Python\Python314\site-packages\anyio\_backends\_asyncio.py", line 2518, in run_sync_in_worker_thread
    return await future
           ^^^^^^^^^^^^
  File "C:\Users\Sachin\AppData\Roaming\Python\Python314\site-packages\anyio\_backends\_asyncio.py", line 1002, in run
    result = context.run(func, *args)
  File "C:\Users\Sachin\OneDrive\Desktop\STOCKIT1\backend\app\api\routes.py", line 90, in predict_price
    history = yf.Ticker(symbol).history(period="6mo", interval="1d", auto_adjust=False)
  File "C:\Users\Sachin\AppData\Roaming\Python\Python314\site-packages\yfinance\utils.py", line 95, in wrapper
    result = func(*args, **kwargs)
  File "C:\Users\Sachin\AppData\Roaming\Python\Python314\site-packages\yfinance\base.py", line 129, in history
    return self._lazy_load_price_history().history(*args, **kwargs)
           ~~~~~~~~~~~~~~~~~~~~~~~~~~~~~~~~~~~~~~~^^^^^^^^^^^^^^^^^
  File "C:\Users\Sachin\AppData\Roaming\Python\Python314\site-packages\yfinance\utils.py", line 95, in wrapper
    result = func(*args, **kwargs)
  File "C:\Users\Sachin\AppData\Roaming\Python\Python314\site-packages\yfinance\scrapers\history.py", line 224, in history
    if data['chart']['result'] is None:
       ~~~~^^^^^^^^^
TypeError: 'NoneType' object is not subscriptable
ERROR:    Exception in ASGI application
Traceback (most recent call last):
  File "C:\Users\Sachin\AppData\Roaming\Python\Python314\site-packages\uvicorn\protocols\http\h11_impl.py", line 410, in run_asgi
    result = await app(  # type: ignore[func-returns-value]
             ^^^^^^^^^^^^^^^^^^^^^^^^^^^^^^^^^^^^^^^^^^^^^^
        self.scope, self.receive, self.send
        ^^^^^^^^^^^^^^^^^^^^^^^^^^^^^^^^^^^
    )
    ^
  File "C:\Users\Sachin\AppData\Roaming\Python\Python314\site-packages\uvicorn\middleware\proxy_headers.py", line 60, in __call__
    return await self.app(scope, receive, send)
           ^^^^^^^^^^^^^^^^^^^^^^^^^^^^^^^^^^^^
  File "C:\Users\Sachin\AppData\Roaming\Python\Python314\site-packages\fastapi\applications.py", line 1159, in __call__
    await super().__call__(scope, receive, send)
  File "C:\Users\Sachin\AppData\Roaming\Python\Python314\site-packages\starlette\applications.py", line 90, in __call__
    await self.middleware_stack(scope, receive, send)
  File "C:\Users\Sachin\AppData\Roaming\Python\Python314\site-packages\starlette\middleware\errors.py", line 186, in __call__
    raise exc
  File "C:\Users\Sachin\AppData\Roaming\Python\Python314\site-packages\starlette\middleware\errors.py", line 164, in __call__
    await self.app(scope, receive, _send)
  File "C:\Users\Sachin\AppData\Roaming\Python\Python314\site-packages\starlette\middleware\cors.py", line 96, in __call__
    await self.simple_response(scope, receive, send, request_headers=headers)
  File "C:\Users\Sachin\AppData\Roaming\Python\Python314\site-packages\starlette\middleware\cors.py", line 154, in simple_response
    await self.app(scope, receive, send)
  File "C:\Users\Sachin\AppData\Roaming\Python\Python314\site-packages\starlette\middleware\exceptions.py", line 63, in __call__
    await wrap_app_handling_exceptions(self.app, conn)(scope, receive, send)
  File "C:\Users\Sachin\AppData\Roaming\Python\Python314\site-packages\starlette\_exception_handler.py", line 53, in wrapped_app
    raise exc
  File "C:\Users\Sachin\AppData\Roaming\Python\Python314\site-packages\starlette\_exception_handler.py", line 42, in wrapped_app
    await app(scope, receive, sender)
  File "C:\Users\Sachin\AppData\Roaming\Python\Python314\site-packages\fastapi\middleware\asyncexitstack.py", line 18, in __call__
    await self.app(scope, receive, send)
  File "C:\Users\Sachin\AppData\Roaming\Python\Python314\site-packages\starlette\routing.py", line 660, in __call__
    await self.middleware_stack(scope, receive, send)
  File "C:\Users\Sachin\AppData\Roaming\Python\Python314\site-packages\starlette\routing.py", line 680, in app
    await route.handle(scope, receive, send)
  File "C:\Users\Sachin\AppData\Roaming\Python\Python314\site-packages\starlette\routing.py", line 276, in handle
    await self.app(scope, receive, send)
  File "C:\Users\Sachin\AppData\Roaming\Python\Python314\site-packages\fastapi\routing.py", line 134, in app
    await wrap_app_handling_exceptions(app, request)(scope, receive, send)
  File "C:\Users\Sachin\AppData\Roaming\Python\Python314\site-packages\starlette\_exception_handler.py", line 53, in wrapped_app
    raise exc
  File "C:\Users\Sachin\AppData\Roaming\Python\Python314\site-packages\starlette\_exception_handler.py", line 42, in wrapped_app
    await app(scope, receive, sender)
  File "C:\Users\Sachin\AppData\Roaming\Python\Python314\site-packages\fastapi\routing.py", line 120, in app
    response = await f(request)
               ^^^^^^^^^^^^^^^^
  File "C:\Users\Sachin\AppData\Roaming\Python\Python314\site-packages\fastapi\routing.py", line 674, in app
    raw_response = await run_endpoint_function(
                   ^^^^^^^^^^^^^^^^^^^^^^^^^^^^
    ...<3 lines>...
    )
    ^
  File "C:\Users\Sachin\AppData\Roaming\Python\Python314\site-packages\fastapi\routing.py", line 330, in run_endpoint_function
    return await run_in_threadpool(dependant.call, **values)
           ^^^^^^^^^^^^^^^^^^^^^^^^^^^^^^^^^^^^^^^^^^^^^^^^^
  File "C:\Users\Sachin\AppData\Roaming\Python\Python314\site-packages\starlette\concurrency.py", line 32, in run_in_threadpool
    return await anyio.to_thread.run_sync(func)
           ^^^^^^^^^^^^^^^^^^^^^^^^^^^^^^^^^^^^
  File "C:\Users\Sachin\AppData\Roaming\Python\Python314\site-packages\anyio\to_thread.py", line 63, in run_sync
    return await get_async_backend().run_sync_in_worker_thread(
           ^^^^^^^^^^^^^^^^^^^^^^^^^^^^^^^^^^^^^^^^^^^^^^^^^^^^
        func, args, abandon_on_cancel=abandon_on_cancel, limiter=limiter
        ^^^^^^^^^^^^^^^^^^^^^^^^^^^^^^^^^^^^^^^^^^^^^^^^^^^^^^^^^^^^^^^^
    )
    ^
  File "C:\Users\Sachin\AppData\Roaming\Python\Python314\site-packages\anyio\_backends\_asyncio.py", line 2518, in run_sync_in_worker_thread
    return await future
           ^^^^^^^^^^^^
  File "C:\Users\Sachin\AppData\Roaming\Python\Python314\site-packages\anyio\_backends\_asyncio.py", line 1002, in run
    result = context.run(func, *args)
  File "C:\Users\Sachin\OneDrive\Desktop\STOCKIT1\backend\app\api\routes.py", line 82, in stock_details
    return get_stock_snapshot(symbol)
  File "C:\Users\Sachin\OneDrive\Desktop\STOCKIT1\backend\app\services\market_data.py", line 88, in get_stock_snapshot
    info, history = _prepare_history(symbol)
                    ~~~~~~~~~~~~~~~~^^^^^^^^
  File "C:\Users\Sachin\OneDrive\Desktop\STOCKIT1\backend\app\services\market_data.py", line 51, in _prepare_history
    history = ticker.history(period=period, interval=interval, auto_adjust=False)
  File "C:\Users\Sachin\AppData\Roaming\Python\Python314\site-packages\yfinance\utils.py", line 95, in wrapper
    result = func(*args, **kwargs)
  File "C:\Users\Sachin\AppData\Roaming\Python\Python314\site-packages\yfinance\base.py", line 129, in history
    return self._lazy_load_price_history().history(*args, **kwargs)
           ~~~~~~~~~~~~~~~~~~~~~~~~~~~~~~~~~~~~~~~^^^^^^^^^^^^^^^^^
  File "C:\Users\Sachin\AppData\Roaming\Python\Python314\site-packages\yfinance\utils.py", line 95, in wrapper
    result = func(*args, **kwargs)
  File "C:\Users\Sachin\AppData\Roaming\Python\Python314\site-packages\yfinance\scrapers\history.py", line 224, in history
    if data['chart']['result'] is None:
       ~~~~^^^^^^^^^
TypeError: 'NoneType' object is not subscriptable
INFO:     127.0.0.1:53308 - "GET /api/stock/RELIANCE.NS HTTP/1.1" 500 Internal Server Error
ERROR:    Exception in ASGI application
Traceback (most recent call last):
  File "C:\Users\Sachin\AppData\Roaming\Python\Python314\site-packages\uvicorn\protocols\http\h11_impl.py", line 410, in run_asgi
    result = await app(  # type: ignore[func-returns-value]
             ^^^^^^^^^^^^^^^^^^^^^^^^^^^^^^^^^^^^^^^^^^^^^^
        self.scope, self.receive, self.send
        ^^^^^^^^^^^^^^^^^^^^^^^^^^^^^^^^^^^
    )
    ^
  File "C:\Users\Sachin\AppData\Roaming\Python\Python314\site-packages\uvicorn\middleware\proxy_headers.py", line 60, in __call__
    return await self.app(scope, receive, send)
           ^^^^^^^^^^^^^^^^^^^^^^^^^^^^^^^^^^^^
  File "C:\Users\Sachin\AppData\Roaming\Python\Python314\site-packages\fastapi\applications.py", line 1159, in __call__
    await super().__call__(scope, receive, send)
  File "C:\Users\Sachin\AppData\Roaming\Python\Python314\site-packages\starlette\applications.py", line 90, in __call__
    await self.middleware_stack(scope, receive, send)
  File "C:\Users\Sachin\AppData\Roaming\Python\Python314\site-packages\starlette\middleware\errors.py", line 186, in __call__
    raise exc
  File "C:\Users\Sachin\AppData\Roaming\Python\Python314\site-packages\starlette\middleware\errors.py", line 164, in __call__
    await self.app(scope, receive, _send)
  File "C:\Users\Sachin\AppData\Roaming\Python\Python314\site-packages\starlette\middleware\cors.py", line 96, in __call__
    await self.simple_response(scope, receive, send, request_headers=headers)
  File "C:\Users\Sachin\AppData\Roaming\Python\Python314\site-packages\starlette\middleware\cors.py", line 154, in simple_response
    await self.app(scope, receive, send)
  File "C:\Users\Sachin\AppData\Roaming\Python\Python314\site-packages\starlette\middleware\exceptions.py", line 63, in __call__
    await wrap_app_handling_exceptions(self.app, conn)(scope, receive, send)
  File "C:\Users\Sachin\AppData\Roaming\Python\Python314\site-packages\starlette\_exception_handler.py", line 53, in wrapped_app
    raise exc
  File "C:\Users\Sachin\AppData\Roaming\Python\Python314\site-packages\starlette\_exception_handler.py", line 42, in wrapped_app
    await app(scope, receive, sender)
  File "C:\Users\Sachin\AppData\Roaming\Python\Python314\site-packages\fastapi\middleware\asyncexitstack.py", line 18, in __call__
    await self.app(scope, receive, send)
  File "C:\Users\Sachin\AppData\Roaming\Python\Python314\site-packages\starlette\routing.py", line 660, in __call__
    await self.middleware_stack(scope, receive, send)
  File "C:\Users\Sachin\AppData\Roaming\Python\Python314\site-packages\starlette\routing.py", line 680, in app
    await route.handle(scope, receive, send)
  File "C:\Users\Sachin\AppData\Roaming\Python\Python314\site-packages\starlette\routing.py", line 276, in handle
    await self.app(scope, receive, send)
  File "C:\Users\Sachin\AppData\Roaming\Python\Python314\site-packages\fastapi\routing.py", line 134, in app
    await wrap_app_handling_exceptions(app, request)(scope, receive, send)
  File "C:\Users\Sachin\AppData\Roaming\Python\Python314\site-packages\starlette\_exception_handler.py", line 53, in wrapped_app
    raise exc
  File "C:\Users\Sachin\AppData\Roaming\Python\Python314\site-packages\starlette\_exception_handler.py", line 42, in wrapped_app
    await app(scope, receive, sender)
  File "C:\Users\Sachin\AppData\Roaming\Python\Python314\site-packages\fastapi\routing.py", line 120, in app
    response = await f(request)
               ^^^^^^^^^^^^^^^^
  File "C:\Users\Sachin\AppData\Roaming\Python\Python314\site-packages\fastapi\routing.py", line 674, in app
    raw_response = await run_endpoint_function(
                   ^^^^^^^^^^^^^^^^^^^^^^^^^^^^
    ...<3 lines>...
    )
    ^
  File "C:\Users\Sachin\AppData\Roaming\Python\Python314\site-packages\fastapi\routing.py", line 330, in run_endpoint_function
    return await run_in_threadpool(dependant.call, **values)
           ^^^^^^^^^^^^^^^^^^^^^^^^^^^^^^^^^^^^^^^^^^^^^^^^^
  File "C:\Users\Sachin\AppData\Roaming\Python\Python314\site-packages\starlette\concurrency.py", line 32, in run_in_threadpool
    return await anyio.to_thread.run_sync(func)
           ^^^^^^^^^^^^^^^^^^^^^^^^^^^^^^^^^^^^
  File "C:\Users\Sachin\AppData\Roaming\Python\Python314\site-packages\anyio\to_thread.py", line 63, in run_sync
    return await get_async_backend().run_sync_in_worker_thread(
           ^^^^^^^^^^^^^^^^^^^^^^^^^^^^^^^^^^^^^^^^^^^^^^^^^^^^
        func, args, abandon_on_cancel=abandon_on_cancel, limiter=limiter
        ^^^^^^^^^^^^^^^^^^^^^^^^^^^^^^^^^^^^^^^^^^^^^^^^^^^^^^^^^^^^^^^^
    )
    ^
  File "C:\Users\Sachin\AppData\Roaming\Python\Python314\site-packages\anyio\_backends\_asyncio.py", line 2518, in run_sync_in_worker_thread
    return await future
           ^^^^^^^^^^^^
  File "C:\Users\Sachin\AppData\Roaming\Python\Python314\site-packages\anyio\_backends\_asyncio.py", line 1002, in run
    result = context.run(func, *args)
  File "C:\Users\Sachin\OneDrive\Desktop\STOCKIT1\backend\app\api\routes.py", line 82, in stock_details
    return get_stock_snapshot(symbol)
  File "C:\Users\Sachin\OneDrive\Desktop\STOCKIT1\backend\app\services\market_data.py", line 88, in get_stock_snapshot
    info, history = _prepare_history(symbol)
                    ~~~~~~~~~~~~~~~~^^^^^^^^
  File "C:\Users\Sachin\OneDrive\Desktop\STOCKIT1\backend\app\services\market_data.py", line 51, in _prepare_history
    history = ticker.history(period=period, interval=interval, auto_adjust=False)
  File "C:\Users\Sachin\AppData\Roaming\Python\Python314\site-packages\yfinance\utils.py", line 95, in wrapper
    result = func(*args, **kwargs)
  File "C:\Users\Sachin\AppData\Roaming\Python\Python314\site-packages\yfinance\base.py", line 129, in history
    return self._lazy_load_price_history().history(*args, **kwargs)
           ~~~~~~~~~~~~~~~~~~~~~~~~~~~~~~~~~~~~~~~^^^^^^^^^^^^^^^^^
  File "C:\Users\Sachin\AppData\Roaming\Python\Python314\site-packages\yfinance\utils.py", line 95, in wrapper
    result = func(*args, **kwargs)
  File "C:\Users\Sachin\AppData\Roaming\Python\Python314\site-packages\yfinance\scrapers\history.py", line 224, in history
    if data['chart']['result'] is None:
       ~~~~^^^^^^^^^
TypeError: 'NoneType' object is not subscriptable
INFO:     127.0.0.1:54188 - "GET /api/predict/RELIANCE.NS HTTP/1.1" 500 Internal Server Error
ERROR:    Exception in ASGI application
Traceback (most recent call last):
  File "C:\Users\Sachin\AppData\Roaming\Python\Python314\site-packages\uvicorn\protocols\http\h11_impl.py", line 410, in run_asgi
    result = await app(  # type: ignore[func-returns-value]
             ^^^^^^^^^^^^^^^^^^^^^^^^^^^^^^^^^^^^^^^^^^^^^^
        self.scope, self.receive, self.send
        ^^^^^^^^^^^^^^^^^^^^^^^^^^^^^^^^^^^
    )
    ^
  File "C:\Users\Sachin\AppData\Roaming\Python\Python314\site-packages\uvicorn\middleware\proxy_headers.py", line 60, in __call__
    return await self.app(scope, receive, send)
           ^^^^^^^^^^^^^^^^^^^^^^^^^^^^^^^^^^^^
  File "C:\Users\Sachin\AppData\Roaming\Python\Python314\site-packages\fastapi\applications.py", line 1159, in __call__
    await super().__call__(scope, receive, send)
  File "C:\Users\Sachin\AppData\Roaming\Python\Python314\site-packages\starlette\applications.py", line 90, in __call__
    await self.middleware_stack(scope, receive, send)
  File "C:\Users\Sachin\AppData\Roaming\Python\Python314\site-packages\starlette\middleware\errors.py", line 186, in __call__
    raise exc
  File "C:\Users\Sachin\AppData\Roaming\Python\Python314\site-packages\starlette\middleware\errors.py", line 164, in __call__
    await self.app(scope, receive, _send)
  File "C:\Users\Sachin\AppData\Roaming\Python\Python314\site-packages\starlette\middleware\cors.py", line 96, in __call__
    await self.simple_response(scope, receive, send, request_headers=headers)
  File "C:\Users\Sachin\AppData\Roaming\Python\Python314\site-packages\starlette\middleware\cors.py", line 154, in simple_response
    await self.app(scope, receive, send)
  File "C:\Users\Sachin\AppData\Roaming\Python\Python314\site-packages\starlette\middleware\exceptions.py", line 63, in __call__
    await wrap_app_handling_exceptions(self.app, conn)(scope, receive, send)
  File "C:\Users\Sachin\AppData\Roaming\Python\Python314\site-packages\starlette\_exception_handler.py", line 53, in wrapped_app
    raise exc
  File "C:\Users\Sachin\AppData\Roaming\Python\Python314\site-packages\starlette\_exception_handler.py", line 42, in wrapped_app
    await app(scope, receive, sender)
  File "C:\Users\Sachin\AppData\Roaming\Python\Python314\site-packages\fastapi\middleware\asyncexitstack.py", line 18, in __call__
    await self.app(scope, receive, send)
  File "C:\Users\Sachin\AppData\Roaming\Python\Python314\site-packages\starlette\routing.py", line 660, in __call__
    await self.middleware_stack(scope, receive, send)
  File "C:\Users\Sachin\AppData\Roaming\Python\Python314\site-packages\starlette\routing.py", line 680, in app
    await route.handle(scope, receive, send)
  File "C:\Users\Sachin\AppData\Roaming\Python\Python314\site-packages\starlette\routing.py", line 276, in handle
    await self.app(scope, receive, send)
  File "C:\Users\Sachin\AppData\Roaming\Python\Python314\site-packages\fastapi\routing.py", line 134, in app
    await wrap_app_handling_exceptions(app, request)(scope, receive, send)
  File "C:\Users\Sachin\AppData\Roaming\Python\Python314\site-packages\starlette\_exception_handler.py", line 53, in wrapped_app
    raise exc
  File "C:\Users\Sachin\AppData\Roaming\Python\Python314\site-packages\starlette\_exception_handler.py", line 42, in wrapped_app
    await app(scope, receive, sender)
  File "C:\Users\Sachin\AppData\Roaming\Python\Python314\site-packages\fastapi\routing.py", line 120, in app
    response = await f(request)
               ^^^^^^^^^^^^^^^^
  File "C:\Users\Sachin\AppData\Roaming\Python\Python314\site-packages\fastapi\routing.py", line 674, in app
    raw_response = await run_endpoint_function(
                   ^^^^^^^^^^^^^^^^^^^^^^^^^^^^
    ...<3 lines>...
    )
    ^
  File "C:\Users\Sachin\AppData\Roaming\Python\Python314\site-packages\fastapi\routing.py", line 330, in run_endpoint_function
    return await run_in_threadpool(dependant.call, **values)
           ^^^^^^^^^^^^^^^^^^^^^^^^^^^^^^^^^^^^^^^^^^^^^^^^^
  File "C:\Users\Sachin\AppData\Roaming\Python\Python314\site-packages\starlette\concurrency.py", line 32, in run_in_threadpool
    return await anyio.to_thread.run_sync(func)
           ^^^^^^^^^^^^^^^^^^^^^^^^^^^^^^^^^^^^
  File "C:\Users\Sachin\AppData\Roaming\Python\Python314\site-packages\anyio\to_thread.py", line 63, in run_sync
    return await get_async_backend().run_sync_in_worker_thread(
           ^^^^^^^^^^^^^^^^^^^^^^^^^^^^^^^^^^^^^^^^^^^^^^^^^^^^
        func, args, abandon_on_cancel=abandon_on_cancel, limiter=limiter
        ^^^^^^^^^^^^^^^^^^^^^^^^^^^^^^^^^^^^^^^^^^^^^^^^^^^^^^^^^^^^^^^^
    )
    ^
  File "C:\Users\Sachin\AppData\Roaming\Python\Python314\site-packages\anyio\_backends\_asyncio.py", line 2518, in run_sync_in_worker_thread
    return await future
           ^^^^^^^^^^^^
  File "C:\Users\Sachin\AppData\Roaming\Python\Python314\site-packages\anyio\_backends\_asyncio.py", line 1002, in run
    result = context.run(func, *args)
  File "C:\Users\Sachin\OneDrive\Desktop\STOCKIT1\backend\app\api\routes.py", line 90, in predict_price
    history = yf.Ticker(symbol).history(period="6mo", interval="1d", auto_adjust=False)
  File "C:\Users\Sachin\AppData\Roaming\Python\Python314\site-packages\yfinance\utils.py", line 95, in wrapper
    result = func(*args, **kwargs)
  File "C:\Users\Sachin\AppData\Roaming\Python\Python314\site-packages\yfinance\base.py", line 129, in history
    return self._lazy_load_price_history().history(*args, **kwargs)
           ~~~~~~~~~~~~~~~~~~~~~~~~~~~~~~~~~~~~~~~^^^^^^^^^^^^^^^^^
  File "C:\Users\Sachin\AppData\Roaming\Python\Python314\site-packages\yfinance\utils.py", line 95, in wrapper
    result = func(*args, **kwargs)
  File "C:\Users\Sachin\AppData\Roaming\Python\Python314\site-packages\yfinance\scrapers\history.py", line 224, in history
    if data['chart']['result'] is None:
       ~~~~^^^^^^^^^
TypeError: 'NoneType' object is not subscriptable
ERROR:    Exception in ASGI application
Traceback (most recent call last):
  File "C:\Users\Sachin\AppData\Roaming\Python\Python314\site-packages\uvicorn\protocols\http\h11_impl.py", line 410, in run_asgi
    result = await app(  # type: ignore[func-returns-value]
             ^^^^^^^^^^^^^^^^^^^^^^^^^^^^^^^^^^^^^^^^^^^^^^
        self.scope, self.receive, self.send
        ^^^^^^^^^^^^^^^^^^^^^^^^^^^^^^^^^^^
    )
    ^
  File "C:\Users\Sachin\AppData\Roaming\Python\Python314\site-packages\uvicorn\middleware\proxy_headers.py", line 60, in __call__
    return await self.app(scope, receive, send)
           ^^^^^^^^^^^^^^^^^^^^^^^^^^^^^^^^^^^^
  File "C:\Users\Sachin\AppData\Roaming\Python\Python314\site-packages\fastapi\applications.py", line 1159, in __call__
    await super().__call__(scope, receive, send)
  File "C:\Users\Sachin\AppData\Roaming\Python\Python314\site-packages\starlette\applications.py", line 90, in __call__
    await self.middleware_stack(scope, receive, send)
  File "C:\Users\Sachin\AppData\Roaming\Python\Python314\site-packages\starlette\middleware\errors.py", line 186, in __call__
    raise exc
  File "C:\Users\Sachin\AppData\Roaming\Python\Python314\site-packages\starlette\middleware\errors.py", line 164, in __call__
    await self.app(scope, receive, _send)
  File "C:\Users\Sachin\AppData\Roaming\Python\Python314\site-packages\starlette\middleware\cors.py", line 96, in __call__
    await self.simple_response(scope, receive, send, request_headers=headers)
  File "C:\Users\Sachin\AppData\Roaming\Python\Python314\site-packages\starlette\middleware\cors.py", line 154, in simple_response
    await self.app(scope, receive, send)
  File "C:\Users\Sachin\AppData\Roaming\Python\Python314\site-packages\starlette\middleware\exceptions.py", line 63, in __call__
    await wrap_app_handling_exceptions(self.app, conn)(scope, receive, send)
  File "C:\Users\Sachin\AppData\Roaming\Python\Python314\site-packages\starlette\_exception_handler.py", line 53, in wrapped_app
    raise exc
  File "C:\Users\Sachin\AppData\Roaming\Python\Python314\site-packages\starlette\_exception_handler.py", line 42, in wrapped_app
    await app(scope, receive, sender)
  File "C:\Users\Sachin\AppData\Roaming\Python\Python314\site-packages\fastapi\middleware\asyncexitstack.py", line 18, in __call__
    await self.app(scope, receive, send)
  File "C:\Users\Sachin\AppData\Roaming\Python\Python314\site-packages\starlette\routing.py", line 660, in __call__
    await self.middleware_stack(scope, receive, send)
  File "C:\Users\Sachin\AppData\Roaming\Python\Python314\site-packages\starlette\routing.py", line 680, in app
    await route.handle(scope, receive, send)
  File "C:\Users\Sachin\AppData\Roaming\Python\Python314\site-packages\starlette\routing.py", line 276, in handle
    await self.app(scope, receive, send)
  File "C:\Users\Sachin\AppData\Roaming\Python\Python314\site-packages\fastapi\routing.py", line 134, in app
    await wrap_app_handling_exceptions(app, request)(scope, receive, send)
  File "C:\Users\Sachin\AppData\Roaming\Python\Python314\site-packages\starlette\_exception_handler.py", line 53, in wrapped_app
    raise exc
  File "C:\Users\Sachin\AppData\Roaming\Python\Python314\site-packages\starlette\_exception_handler.py", line 42, in wrapped_app
    await app(scope, receive, sender)
  File "C:\Users\Sachin\AppData\Roaming\Python\Python314\site-packages\fastapi\routing.py", line 120, in app
    response = await f(request)
               ^^^^^^^^^^^^^^^^
  File "C:\Users\Sachin\AppData\Roaming\Python\Python314\site-packages\fastapi\routing.py", line 674, in app
    raw_response = await run_endpoint_function(
                   ^^^^^^^^^^^^^^^^^^^^^^^^^^^^
    ...<3 lines>...
    )
    ^
  File "C:\Users\Sachin\AppData\Roaming\Python\Python314\site-packages\fastapi\routing.py", line 330, in run_endpoint_function
    return await run_in_threadpool(dependant.call, **values)
           ^^^^^^^^^^^^^^^^^^^^^^^^^^^^^^^^^^^^^^^^^^^^^^^^^
  File "C:\Users\Sachin\AppData\Roaming\Python\Python314\site-packages\starlette\concurrency.py", line 32, in run_in_threadpool
    return await anyio.to_thread.run_sync(func)
           ^^^^^^^^^^^^^^^^^^^^^^^^^^^^^^^^^^^^
  File "C:\Users\Sachin\AppData\Roaming\Python\Python314\site-packages\anyio\to_thread.py", line 63, in run_sync
    return await get_async_backend().run_sync_in_worker_thread(
           ^^^^^^^^^^^^^^^^^^^^^^^^^^^^^^^^^^^^^^^^^^^^^^^^^^^^
        func, args, abandon_on_cancel=abandon_on_cancel, limiter=limiter
        ^^^^^^^^^^^^^^^^^^^^^^^^^^^^^^^^^^^^^^^^^^^^^^^^^^^^^^^^^^^^^^^^
    )
    ^
  File "C:\Users\Sachin\AppData\Roaming\Python\Python314\site-packages\anyio\_backends\_asyncio.py", line 2518, in run_sync_in_worker_thread
    return await future
           ^^^^^^^^^^^^
  File "C:\Users\Sachin\AppData\Roaming\Python\Python314\site-packages\anyio\_backends\_asyncio.py", line 1002, in run
    result = context.run(func, *args)
  File "C:\Users\Sachin\OneDrive\Desktop\STOCKIT1\backend\app\api\routes.py", line 90, in predict_price
    history = yf.Ticker(symbol).history(period="6mo", interval="1d", auto_adjust=False)
  File "C:\Users\Sachin\AppData\Roaming\Python\Python314\site-packages\yfinance\utils.py", line 95, in wrapper
    result = func(*args, **kwargs)
  File "C:\Users\Sachin\AppData\Roaming\Python\Python314\site-packages\yfinance\base.py", line 129, in history
    return self._lazy_load_price_history().history(*args, **kwargs)
           ~~~~~~~~~~~~~~~~~~~~~~~~~~~~~~~~~~~~~~~^^^^^^^^^^^^^^^^^
  File "C:\Users\Sachin\AppData\Roaming\Python\Python314\site-packages\yfinance\utils.py", line 95, in wrapper
    result = func(*args, **kwargs)
  File "C:\Users\Sachin\AppData\Roaming\Python\Python314\site-packages\yfinance\scrapers\history.py", line 224, in history
    if data['chart']['result'] is None:
       ~~~~^^^^^^^^^
TypeError: 'NoneType' object is not subscriptable
ERROR:    Exception in ASGI application
Traceback (most recent call last):
  File "C:\Users\Sachin\AppData\Roaming\Python\Python314\site-packages\uvicorn\protocols\http\h11_impl.py", line 410, in run_asgi
    result = await app(  # type: ignore[func-returns-value]
             ^^^^^^^^^^^^^^^^^^^^^^^^^^^^^^^^^^^^^^^^^^^^^^
        self.scope, self.receive, self.send
        ^^^^^^^^^^^^^^^^^^^^^^^^^^^^^^^^^^^
    )
    ^
  File "C:\Users\Sachin\AppData\Roaming\Python\Python314\site-packages\uvicorn\middleware\proxy_headers.py", line 60, in __call__
    return await self.app(scope, receive, send)
           ^^^^^^^^^^^^^^^^^^^^^^^^^^^^^^^^^^^^
  File "C:\Users\Sachin\AppData\Roaming\Python\Python314\site-packages\fastapi\applications.py", line 1159, in __call__
    await super().__call__(scope, receive, send)
  File "C:\Users\Sachin\AppData\Roaming\Python\Python314\site-packages\starlette\applications.py", line 90, in __call__
    await self.middleware_stack(scope, receive, send)
  File "C:\Users\Sachin\AppData\Roaming\Python\Python314\site-packages\starlette\middleware\errors.py", line 186, in __call__
    raise exc
  File "C:\Users\Sachin\AppData\Roaming\Python\Python314\site-packages\starlette\middleware\errors.py", line 164, in __call__
    await self.app(scope, receive, _send)
  File "C:\Users\Sachin\AppData\Roaming\Python\Python314\site-packages\starlette\middleware\cors.py", line 96, in __call__
    await self.simple_response(scope, receive, send, request_headers=headers)
  File "C:\Users\Sachin\AppData\Roaming\Python\Python314\site-packages\starlette\middleware\cors.py", line 154, in simple_response
    await self.app(scope, receive, send)
  File "C:\Users\Sachin\AppData\Roaming\Python\Python314\site-packages\starlette\middleware\exceptions.py", line 63, in __call__
    await wrap_app_handling_exceptions(self.app, conn)(scope, receive, send)
  File "C:\Users\Sachin\AppData\Roaming\Python\Python314\site-packages\starlette\_exception_handler.py", line 53, in wrapped_app
    raise exc
  File "C:\Users\Sachin\AppData\Roaming\Python\Python314\site-packages\starlette\_exception_handler.py", line 42, in wrapped_app
    await app(scope, receive, sender)
  File "C:\Users\Sachin\AppData\Roaming\Python\Python314\site-packages\fastapi\middleware\asyncexitstack.py", line 18, in __call__
    await self.app(scope, receive, send)
  File "C:\Users\Sachin\AppData\Roaming\Python\Python314\site-packages\starlette\routing.py", line 660, in __call__
    await self.middleware_stack(scope, receive, send)
  File "C:\Users\Sachin\AppData\Roaming\Python\Python314\site-packages\starlette\routing.py", line 680, in app
    await route.handle(scope, receive, send)
  File "C:\Users\Sachin\AppData\Roaming\Python\Python314\site-packages\starlette\routing.py", line 276, in handle
    await self.app(scope, receive, send)
  File "C:\Users\Sachin\AppData\Roaming\Python\Python314\site-packages\fastapi\routing.py", line 134, in app
    await wrap_app_handling_exceptions(app, request)(scope, receive, send)
  File "C:\Users\Sachin\AppData\Roaming\Python\Python314\site-packages\starlette\_exception_handler.py", line 53, in wrapped_app
    raise exc
  File "C:\Users\Sachin\AppData\Roaming\Python\Python314\site-packages\starlette\_exception_handler.py", line 42, in wrapped_app
    await app(scope, receive, sender)
  File "C:\Users\Sachin\AppData\Roaming\Python\Python314\site-packages\fastapi\routing.py", line 120, in app
    response = await f(request)
               ^^^^^^^^^^^^^^^^
  File "C:\Users\Sachin\AppData\Roaming\Python\Python314\site-packages\fastapi\routing.py", line 674, in app
    raw_response = await run_endpoint_function(
                   ^^^^^^^^^^^^^^^^^^^^^^^^^^^^
    ...<3 lines>...
    )
    ^
  File "C:\Users\Sachin\AppData\Roaming\Python\Python314\site-packages\fastapi\routing.py", line 330, in run_endpoint_function
    return await run_in_threadpool(dependant.call, **values)
           ^^^^^^^^^^^^^^^^^^^^^^^^^^^^^^^^^^^^^^^^^^^^^^^^^
  File "C:\Users\Sachin\AppData\Roaming\Python\Python314\site-packages\starlette\concurrency.py", line 32, in run_in_threadpool
    return await anyio.to_thread.run_sync(func)
           ^^^^^^^^^^^^^^^^^^^^^^^^^^^^^^^^^^^^
  File "C:\Users\Sachin\AppData\Roaming\Python\Python314\site-packages\anyio\to_thread.py", line 63, in run_sync
    return await get_async_backend().run_sync_in_worker_thread(
           ^^^^^^^^^^^^^^^^^^^^^^^^^^^^^^^^^^^^^^^^^^^^^^^^^^^^
        func, args, abandon_on_cancel=abandon_on_cancel, limiter=limiter
        ^^^^^^^^^^^^^^^^^^^^^^^^^^^^^^^^^^^^^^^^^^^^^^^^^^^^^^^^^^^^^^^^
    )
    ^
  File "C:\Users\Sachin\AppData\Roaming\Python\Python314\site-packages\anyio\_backends\_asyncio.py", line 2518, in run_sync_in_worker_thread
    return await future
           ^^^^^^^^^^^^
  File "C:\Users\Sachin\AppData\Roaming\Python\Python314\site-packages\anyio\_backends\_asyncio.py", line 1002, in run
    result = context.run(func, *args)
  File "C:\Users\Sachin\OneDrive\Desktop\STOCKIT1\backend\app\api\routes.py", line 82, in stock_details
    return get_stock_snapshot(symbol)
  File "C:\Users\Sachin\OneDrive\Desktop\STOCKIT1\backend\app\services\market_data.py", line 88, in get_stock_snapshot
    info, history = _prepare_history(symbol)
                    ~~~~~~~~~~~~~~~~^^^^^^^^
  File "C:\Users\Sachin\OneDrive\Desktop\STOCKIT1\backend\app\services\market_data.py", line 51, in _prepare_history
    history = ticker.history(period=period, interval=interval, auto_adjust=False)
  File "C:\Users\Sachin\AppData\Roaming\Python\Python314\site-packages\yfinance\utils.py", line 95, in wrapper
    result = func(*args, **kwargs)
  File "C:\Users\Sachin\AppData\Roaming\Python\Python314\site-packages\yfinance\base.py", line 129, in history
    return self._lazy_load_price_history().history(*args, **kwargs)
           ~~~~~~~~~~~~~~~~~~~~~~~~~~~~~~~~~~~~~~~^^^^^^^^^^^^^^^^^
  File "C:\Users\Sachin\AppData\Roaming\Python\Python314\site-packages\yfinance\utils.py", line 95, in wrapper
    result = func(*args, **kwargs)
  File "C:\Users\Sachin\AppData\Roaming\Python\Python314\site-packages\yfinance\scrapers\history.py", line 224, in history
    if data['chart']['result'] is None:
       ~~~~^^^^^^^^^
TypeError: 'NoneType' object is not subscriptable
INFO:     127.0.0.1:59898 - "GET /api/predict/RELIANCE.NS HTTP/1.1" 500 Internal Server Error
ERROR:    Exception in ASGI application
Traceback (most recent call last):
  File "C:\Users\Sachin\AppData\Roaming\Python\Python314\site-packages\uvicorn\protocols\http\h11_impl.py", line 410, in run_asgi
    result = await app(  # type: ignore[func-returns-value]
             ^^^^^^^^^^^^^^^^^^^^^^^^^^^^^^^^^^^^^^^^^^^^^^
        self.scope, self.receive, self.send
        ^^^^^^^^^^^^^^^^^^^^^^^^^^^^^^^^^^^
    )
    ^
  File "C:\Users\Sachin\AppData\Roaming\Python\Python314\site-packages\uvicorn\middleware\proxy_headers.py", line 60, in __call__
    return await self.app(scope, receive, send)
           ^^^^^^^^^^^^^^^^^^^^^^^^^^^^^^^^^^^^
  File "C:\Users\Sachin\AppData\Roaming\Python\Python314\site-packages\fastapi\applications.py", line 1159, in __call__
    await super().__call__(scope, receive, send)
  File "C:\Users\Sachin\AppData\Roaming\Python\Python314\site-packages\starlette\applications.py", line 90, in __call__
    await self.middleware_stack(scope, receive, send)
  File "C:\Users\Sachin\AppData\Roaming\Python\Python314\site-packages\starlette\middleware\errors.py", line 186, in __call__
    raise exc
  File "C:\Users\Sachin\AppData\Roaming\Python\Python314\site-packages\starlette\middleware\errors.py", line 164, in __call__
    await self.app(scope, receive, _send)
  File "C:\Users\Sachin\AppData\Roaming\Python\Python314\site-packages\starlette\middleware\cors.py", line 96, in __call__
    await self.simple_response(scope, receive, send, request_headers=headers)
  File "C:\Users\Sachin\AppData\Roaming\Python\Python314\site-packages\starlette\middleware\cors.py", line 154, in simple_response
    await self.app(scope, receive, send)
  File "C:\Users\Sachin\AppData\Roaming\Python\Python314\site-packages\starlette\middleware\exceptions.py", line 63, in __call__
    await wrap_app_handling_exceptions(self.app, conn)(scope, receive, send)
  File "C:\Users\Sachin\AppData\Roaming\Python\Python314\site-packages\starlette\_exception_handler.py", line 53, in wrapped_app
    raise exc
  File "C:\Users\Sachin\AppData\Roaming\Python\Python314\site-packages\starlette\_exception_handler.py", line 42, in wrapped_app
    await app(scope, receive, sender)
  File "C:\Users\Sachin\AppData\Roaming\Python\Python314\site-packages\fastapi\middleware\asyncexitstack.py", line 18, in __call__
    await self.app(scope, receive, send)
  File "C:\Users\Sachin\AppData\Roaming\Python\Python314\site-packages\starlette\routing.py", line 660, in __call__
    await self.middleware_stack(scope, receive, send)
  File "C:\Users\Sachin\AppData\Roaming\Python\Python314\site-packages\starlette\routing.py", line 680, in app
    await route.handle(scope, receive, send)
  File "C:\Users\Sachin\AppData\Roaming\Python\Python314\site-packages\starlette\routing.py", line 276, in handle
    await self.app(scope, receive, send)
  File "C:\Users\Sachin\AppData\Roaming\Python\Python314\site-packages\fastapi\routing.py", line 134, in app
    await wrap_app_handling_exceptions(app, request)(scope, receive, send)
  File "C:\Users\Sachin\AppData\Roaming\Python\Python314\site-packages\starlette\_exception_handler.py", line 53, in wrapped_app
    raise exc
  File "C:\Users\Sachin\AppData\Roaming\Python\Python314\site-packages\starlette\_exception_handler.py", line 42, in wrapped_app
    await app(scope, receive, sender)
  File "C:\Users\Sachin\AppData\Roaming\Python\Python314\site-packages\fastapi\routing.py", line 120, in app
    response = await f(request)
               ^^^^^^^^^^^^^^^^
  File "C:\Users\Sachin\AppData\Roaming\Python\Python314\site-packages\fastapi\routing.py", line 674, in app
    raw_response = await run_endpoint_function(
                   ^^^^^^^^^^^^^^^^^^^^^^^^^^^^
    ...<3 lines>...
    )
    ^
  File "C:\Users\Sachin\AppData\Roaming\Python\Python314\site-packages\fastapi\routing.py", line 330, in run_endpoint_function
    return await run_in_threadpool(dependant.call, **values)
           ^^^^^^^^^^^^^^^^^^^^^^^^^^^^^^^^^^^^^^^^^^^^^^^^^
  File "C:\Users\Sachin\AppData\Roaming\Python\Python314\site-packages\starlette\concurrency.py", line 32, in run_in_threadpool
    return await anyio.to_thread.run_sync(func)
           ^^^^^^^^^^^^^^^^^^^^^^^^^^^^^^^^^^^^
  File "C:\Users\Sachin\AppData\Roaming\Python\Python314\site-packages\anyio\to_thread.py", line 63, in run_sync
    return await get_async_backend().run_sync_in_worker_thread(
           ^^^^^^^^^^^^^^^^^^^^^^^^^^^^^^^^^^^^^^^^^^^^^^^^^^^^
        func, args, abandon_on_cancel=abandon_on_cancel, limiter=limiter
        ^^^^^^^^^^^^^^^^^^^^^^^^^^^^^^^^^^^^^^^^^^^^^^^^^^^^^^^^^^^^^^^^
    )
    ^
  File "C:\Users\Sachin\AppData\Roaming\Python\Python314\site-packages\anyio\_backends\_asyncio.py", line 2518, in run_sync_in_worker_thread
    return await future
           ^^^^^^^^^^^^
  File "C:\Users\Sachin\AppData\Roaming\Python\Python314\site-packages\anyio\_backends\_asyncio.py", line 1002, in run
    result = context.run(func, *args)
  File "C:\Users\Sachin\OneDrive\Desktop\STOCKIT1\backend\app\api\routes.py", line 90, in predict_price
    history = yf.Ticker(symbol).history(period="6mo", interval="1d", auto_adjust=False)
  File "C:\Users\Sachin\AppData\Roaming\Python\Python314\site-packages\yfinance\utils.py", line 95, in wrapper
    result = func(*args, **kwargs)
  File "C:\Users\Sachin\AppData\Roaming\Python\Python314\site-packages\yfinance\base.py", line 129, in history
    return self._lazy_load_price_history().history(*args, **kwargs)
           ~~~~~~~~~~~~~~~~~~~~~~~~~~~~~~~~~~~~~~~^^^^^^^^^^^^^^^^^
  File "C:\Users\Sachin\AppData\Roaming\Python\Python314\site-packages\yfinance\utils.py", line 95, in wrapper
    result = func(*args, **kwargs)
  File "C:\Users\Sachin\AppData\Roaming\Python\Python314\site-packages\yfinance\scrapers\history.py", line 224, in history
    if data['chart']['result'] is None:
       ~~~~^^^^^^^^^
TypeError: 'NoneType' object is not subscriptable
INFO:     127.0.0.1:64327 - "GET /api/stock/RELIANCE.NS HTTP/1.1" 500 Internal Server Error
ERROR:    Exception in ASGI application
Traceback (most recent call last):
  File "C:\Users\Sachin\AppData\Roaming\Python\Python314\site-packages\uvicorn\protocols\http\h11_impl.py", line 410, in run_asgi
    result = await app(  # type: ignore[func-returns-value]
             ^^^^^^^^^^^^^^^^^^^^^^^^^^^^^^^^^^^^^^^^^^^^^^
        self.scope, self.receive, self.send
        ^^^^^^^^^^^^^^^^^^^^^^^^^^^^^^^^^^^
    )
    ^
  File "C:\Users\Sachin\AppData\Roaming\Python\Python314\site-packages\uvicorn\middleware\proxy_headers.py", line 60, in __call__
    return await self.app(scope, receive, send)
           ^^^^^^^^^^^^^^^^^^^^^^^^^^^^^^^^^^^^
  File "C:\Users\Sachin\AppData\Roaming\Python\Python314\site-packages\fastapi\applications.py", line 1159, in __call__
    await super().__call__(scope, receive, send)
  File "C:\Users\Sachin\AppData\Roaming\Python\Python314\site-packages\starlette\applications.py", line 90, in __call__
    await self.middleware_stack(scope, receive, send)
  File "C:\Users\Sachin\AppData\Roaming\Python\Python314\site-packages\starlette\middleware\errors.py", line 186, in __call__
    raise exc
  File "C:\Users\Sachin\AppData\Roaming\Python\Python314\site-packages\starlette\middleware\errors.py", line 164, in __call__
    await self.app(scope, receive, _send)
  File "C:\Users\Sachin\AppData\Roaming\Python\Python314\site-packages\starlette\middleware\cors.py", line 96, in __call__
    await self.simple_response(scope, receive, send, request_headers=headers)
  File "C:\Users\Sachin\AppData\Roaming\Python\Python314\site-packages\starlette\middleware\cors.py", line 154, in simple_response
    await self.app(scope, receive, send)
  File "C:\Users\Sachin\AppData\Roaming\Python\Python314\site-packages\starlette\middleware\exceptions.py", line 63, in __call__
    await wrap_app_handling_exceptions(self.app, conn)(scope, receive, send)
  File "C:\Users\Sachin\AppData\Roaming\Python\Python314\site-packages\starlette\_exception_handler.py", line 53, in wrapped_app
    raise exc
  File "C:\Users\Sachin\AppData\Roaming\Python\Python314\site-packages\starlette\_exception_handler.py", line 42, in wrapped_app
    await app(scope, receive, sender)
  File "C:\Users\Sachin\AppData\Roaming\Python\Python314\site-packages\fastapi\middleware\asyncexitstack.py", line 18, in __call__
    await self.app(scope, receive, send)
  File "C:\Users\Sachin\AppData\Roaming\Python\Python314\site-packages\starlette\routing.py", line 660, in __call__
    await self.middleware_stack(scope, receive, send)
  File "C:\Users\Sachin\AppData\Roaming\Python\Python314\site-packages\starlette\routing.py", line 680, in app
    await route.handle(scope, receive, send)
  File "C:\Users\Sachin\AppData\Roaming\Python\Python314\site-packages\starlette\routing.py", line 276, in handle
    await self.app(scope, receive, send)
  File "C:\Users\Sachin\AppData\Roaming\Python\Python314\site-packages\fastapi\routing.py", line 134, in app
    await wrap_app_handling_exceptions(app, request)(scope, receive, send)
  File "C:\Users\Sachin\AppData\Roaming\Python\Python314\site-packages\starlette\_exception_handler.py", line 53, in wrapped_app
    raise exc
  File "C:\Users\Sachin\AppData\Roaming\Python\Python314\site-packages\starlette\_exception_handler.py", line 42, in wrapped_app
    await app(scope, receive, sender)
  File "C:\Users\Sachin\AppData\Roaming\Python\Python314\site-packages\fastapi\routing.py", line 120, in app
    response = await f(request)
               ^^^^^^^^^^^^^^^^
  File "C:\Users\Sachin\AppData\Roaming\Python\Python314\site-packages\fastapi\routing.py", line 674, in app
    raw_response = await run_endpoint_function(
                   ^^^^^^^^^^^^^^^^^^^^^^^^^^^^
    ...<3 lines>...
    )
    ^
  File "C:\Users\Sachin\AppData\Roaming\Python\Python314\site-packages\fastapi\routing.py", line 330, in run_endpoint_function
    return await run_in_threadpool(dependant.call, **values)
           ^^^^^^^^^^^^^^^^^^^^^^^^^^^^^^^^^^^^^^^^^^^^^^^^^
  File "C:\Users\Sachin\AppData\Roaming\Python\Python314\site-packages\starlette\concurrency.py", line 32, in run_in_threadpool
    return await anyio.to_thread.run_sync(func)
           ^^^^^^^^^^^^^^^^^^^^^^^^^^^^^^^^^^^^
  File "C:\Users\Sachin\AppData\Roaming\Python\Python314\site-packages\anyio\to_thread.py", line 63, in run_sync
    return await get_async_backend().run_sync_in_worker_thread(
           ^^^^^^^^^^^^^^^^^^^^^^^^^^^^^^^^^^^^^^^^^^^^^^^^^^^^
        func, args, abandon_on_cancel=abandon_on_cancel, limiter=limiter
        ^^^^^^^^^^^^^^^^^^^^^^^^^^^^^^^^^^^^^^^^^^^^^^^^^^^^^^^^^^^^^^^^
    )
    ^
  File "C:\Users\Sachin\AppData\Roaming\Python\Python314\site-packages\anyio\_backends\_asyncio.py", line 2518, in run_sync_in_worker_thread
    return await future
           ^^^^^^^^^^^^
  File "C:\Users\Sachin\AppData\Roaming\Python\Python314\site-packages\anyio\_backends\_asyncio.py", line 1002, in run
    result = context.run(func, *args)
  File "C:\Users\Sachin\OneDrive\Desktop\STOCKIT1\backend\app\api\routes.py", line 82, in stock_details
    return get_stock_snapshot(symbol)
  File "C:\Users\Sachin\OneDrive\Desktop\STOCKIT1\backend\app\services\market_data.py", line 88, in get_stock_snapshot
    info, history = _prepare_history(symbol)
                    ~~~~~~~~~~~~~~~~^^^^^^^^
  File "C:\Users\Sachin\OneDrive\Desktop\STOCKIT1\backend\app\services\market_data.py", line 51, in _prepare_history
    history = ticker.history(period=period, interval=interval, auto_adjust=False)
  File "C:\Users\Sachin\AppData\Roaming\Python\Python314\site-packages\yfinance\utils.py", line 95, in wrapper
    result = func(*args, **kwargs)
  File "C:\Users\Sachin\AppData\Roaming\Python\Python314\site-packages\yfinance\base.py", line 129, in history
    return self._lazy_load_price_history().history(*args, **kwargs)
           ~~~~~~~~~~~~~~~~~~~~~~~~~~~~~~~~~~~~~~~^^^^^^^^^^^^^^^^^
  File "C:\Users\Sachin\AppData\Roaming\Python\Python314\site-packages\yfinance\utils.py", line 95, in wrapper
    result = func(*args, **kwargs)
  File "C:\Users\Sachin\AppData\Roaming\Python\Python314\site-packages\yfinance\scrapers\history.py", line 224, in history
    if data['chart']['result'] is None:
       ~~~~^^^^^^^^^
TypeError: 'NoneType' object is not subscriptable
INFO:     127.0.0.1:51105 - "GET /api/stock/RELIANCE.NS HTTP/1.1" 500 Internal Server Error
ERROR:    Exception in ASGI application
Traceback (most recent call last):
  File "C:\Users\Sachin\AppData\Roaming\Python\Python314\site-packages\uvicorn\protocols\http\h11_impl.py", line 410, in run_asgi
    result = await app(  # type: ignore[func-returns-value]
             ^^^^^^^^^^^^^^^^^^^^^^^^^^^^^^^^^^^^^^^^^^^^^^
        self.scope, self.receive, self.send
        ^^^^^^^^^^^^^^^^^^^^^^^^^^^^^^^^^^^
    )
    ^
  File "C:\Users\Sachin\AppData\Roaming\Python\Python314\site-packages\uvicorn\middleware\proxy_headers.py", line 60, in __call__
    return await self.app(scope, receive, send)
           ^^^^^^^^^^^^^^^^^^^^^^^^^^^^^^^^^^^^
  File "C:\Users\Sachin\AppData\Roaming\Python\Python314\site-packages\fastapi\applications.py", line 1159, in __call__
    await super().__call__(scope, receive, send)
  File "C:\Users\Sachin\AppData\Roaming\Python\Python314\site-packages\starlette\applications.py", line 90, in __call__
    await self.middleware_stack(scope, receive, send)
  File "C:\Users\Sachin\AppData\Roaming\Python\Python314\site-packages\starlette\middleware\errors.py", line 186, in __call__
    raise exc
  File "C:\Users\Sachin\AppData\Roaming\Python\Python314\site-packages\starlette\middleware\errors.py", line 164, in __call__
    await self.app(scope, receive, _send)
  File "C:\Users\Sachin\AppData\Roaming\Python\Python314\site-packages\starlette\middleware\cors.py", line 96, in __call__
    await self.simple_response(scope, receive, send, request_headers=headers)
  File "C:\Users\Sachin\AppData\Roaming\Python\Python314\site-packages\starlette\middleware\cors.py", line 154, in simple_response
    await self.app(scope, receive, send)
  File "C:\Users\Sachin\AppData\Roaming\Python\Python314\site-packages\starlette\middleware\exceptions.py", line 63, in __call__
    await wrap_app_handling_exceptions(self.app, conn)(scope, receive, send)
  File "C:\Users\Sachin\AppData\Roaming\Python\Python314\site-packages\starlette\_exception_handler.py", line 53, in wrapped_app
    raise exc
  File "C:\Users\Sachin\AppData\Roaming\Python\Python314\site-packages\starlette\_exception_handler.py", line 42, in wrapped_app
    await app(scope, receive, sender)
  File "C:\Users\Sachin\AppData\Roaming\Python\Python314\site-packages\fastapi\middleware\asyncexitstack.py", line 18, in __call__
    await self.app(scope, receive, send)
  File "C:\Users\Sachin\AppData\Roaming\Python\Python314\site-packages\starlette\routing.py", line 660, in __call__
    await self.middleware_stack(scope, receive, send)
  File "C:\Users\Sachin\AppData\Roaming\Python\Python314\site-packages\starlette\routing.py", line 680, in app
    await route.handle(scope, receive, send)
  File "C:\Users\Sachin\AppData\Roaming\Python\Python314\site-packages\starlette\routing.py", line 276, in handle
    await self.app(scope, receive, send)
  File "C:\Users\Sachin\AppData\Roaming\Python\Python314\site-packages\fastapi\routing.py", line 134, in app
    await wrap_app_handling_exceptions(app, request)(scope, receive, send)
  File "C:\Users\Sachin\AppData\Roaming\Python\Python314\site-packages\starlette\_exception_handler.py", line 53, in wrapped_app
    raise exc
  File "C:\Users\Sachin\AppData\Roaming\Python\Python314\site-packages\starlette\_exception_handler.py", line 42, in wrapped_app
    await app(scope, receive, sender)
  File "C:\Users\Sachin\AppData\Roaming\Python\Python314\site-packages\fastapi\routing.py", line 120, in app
    response = await f(request)
               ^^^^^^^^^^^^^^^^
  File "C:\Users\Sachin\AppData\Roaming\Python\Python314\site-packages\fastapi\routing.py", line 674, in app
    raw_response = await run_endpoint_function(
                   ^^^^^^^^^^^^^^^^^^^^^^^^^^^^
    ...<3 lines>...
    )
    ^
  File "C:\Users\Sachin\AppData\Roaming\Python\Python314\site-packages\fastapi\routing.py", line 330, in run_endpoint_function
    return await run_in_threadpool(dependant.call, **values)
           ^^^^^^^^^^^^^^^^^^^^^^^^^^^^^^^^^^^^^^^^^^^^^^^^^
  File "C:\Users\Sachin\AppData\Roaming\Python\Python314\site-packages\starlette\concurrency.py", line 32, in run_in_threadpool
    return await anyio.to_thread.run_sync(func)
           ^^^^^^^^^^^^^^^^^^^^^^^^^^^^^^^^^^^^
  File "C:\Users\Sachin\AppData\Roaming\Python\Python314\site-packages\anyio\to_thread.py", line 63, in run_sync
    return await get_async_backend().run_sync_in_worker_thread(
           ^^^^^^^^^^^^^^^^^^^^^^^^^^^^^^^^^^^^^^^^^^^^^^^^^^^^
        func, args, abandon_on_cancel=abandon_on_cancel, limiter=limiter
        ^^^^^^^^^^^^^^^^^^^^^^^^^^^^^^^^^^^^^^^^^^^^^^^^^^^^^^^^^^^^^^^^
    )
    ^
  File "C:\Users\Sachin\AppData\Roaming\Python\Python314\site-packages\anyio\_backends\_asyncio.py", line 2518, in run_sync_in_worker_thread
    return await future
           ^^^^^^^^^^^^
  File "C:\Users\Sachin\AppData\Roaming\Python\Python314\site-packages\anyio\_backends\_asyncio.py", line 1002, in run
    result = context.run(func, *args)
  File "C:\Users\Sachin\OneDrive\Desktop\STOCKIT1\backend\app\api\routes.py", line 82, in stock_details
    return get_stock_snapshot(symbol)
  File "C:\Users\Sachin\OneDrive\Desktop\STOCKIT1\backend\app\services\market_data.py", line 88, in get_stock_snapshot
    info, history = _prepare_history(symbol)
                    ~~~~~~~~~~~~~~~~^^^^^^^^
  File "C:\Users\Sachin\OneDrive\Desktop\STOCKIT1\backend\app\services\market_data.py", line 51, in _prepare_history
    history = ticker.history(period=period, interval=interval, auto_adjust=False)
  File "C:\Users\Sachin\AppData\Roaming\Python\Python314\site-packages\yfinance\utils.py", line 95, in wrapper
    result = func(*args, **kwargs)
  File "C:\Users\Sachin\AppData\Roaming\Python\Python314\site-packages\yfinance\base.py", line 129, in history
    return self._lazy_load_price_history().history(*args, **kwargs)
           ~~~~~~~~~~~~~~~~~~~~~~~~~~~~~~~~~~~~~~~^^^^^^^^^^^^^^^^^
  File "C:\Users\Sachin\AppData\Roaming\Python\Python314\site-packages\yfinance\utils.py", line 95, in wrapper
    result = func(*args, **kwargs)
  File "C:\Users\Sachin\AppData\Roaming\Python\Python314\site-packages\yfinance\scrapers\history.py", line 224, in history
    if data['chart']['result'] is None:
       ~~~~^^^^^^^^^
TypeError: 'NoneType' object is not subscriptable
INFO:     127.0.0.1:50557 - "GET /api/predict/RELIANCE.NS HTTP/1.1" 500 Internal Server Error
ERROR:    Exception in ASGI application
Traceback (most recent call last):
  File "C:\Users\Sachin\AppData\Roaming\Python\Python314\site-packages\uvicorn\protocols\http\h11_impl.py", line 410, in run_asgi
    result = await app(  # type: ignore[func-returns-value]
             ^^^^^^^^^^^^^^^^^^^^^^^^^^^^^^^^^^^^^^^^^^^^^^
        self.scope, self.receive, self.send
        ^^^^^^^^^^^^^^^^^^^^^^^^^^^^^^^^^^^
    )
    ^
  File "C:\Users\Sachin\AppData\Roaming\Python\Python314\site-packages\uvicorn\middleware\proxy_headers.py", line 60, in __call__
    return await self.app(scope, receive, send)
           ^^^^^^^^^^^^^^^^^^^^^^^^^^^^^^^^^^^^
  File "C:\Users\Sachin\AppData\Roaming\Python\Python314\site-packages\fastapi\applications.py", line 1159, in __call__
    await super().__call__(scope, receive, send)
  File "C:\Users\Sachin\AppData\Roaming\Python\Python314\site-packages\starlette\applications.py", line 90, in __call__
    await self.middleware_stack(scope, receive, send)
  File "C:\Users\Sachin\AppData\Roaming\Python\Python314\site-packages\starlette\middleware\errors.py", line 186, in __call__
    raise exc
  File "C:\Users\Sachin\AppData\Roaming\Python\Python314\site-packages\starlette\middleware\errors.py", line 164, in __call__
    await self.app(scope, receive, _send)
  File "C:\Users\Sachin\AppData\Roaming\Python\Python314\site-packages\starlette\middleware\cors.py", line 96, in __call__
    await self.simple_response(scope, receive, send, request_headers=headers)
  File "C:\Users\Sachin\AppData\Roaming\Python\Python314\site-packages\starlette\middleware\cors.py", line 154, in simple_response
    await self.app(scope, receive, send)
  File "C:\Users\Sachin\AppData\Roaming\Python\Python314\site-packages\starlette\middleware\exceptions.py", line 63, in __call__
    await wrap_app_handling_exceptions(self.app, conn)(scope, receive, send)
  File "C:\Users\Sachin\AppData\Roaming\Python\Python314\site-packages\starlette\_exception_handler.py", line 53, in wrapped_app
    raise exc
  File "C:\Users\Sachin\AppData\Roaming\Python\Python314\site-packages\starlette\_exception_handler.py", line 42, in wrapped_app
    await app(scope, receive, sender)
  File "C:\Users\Sachin\AppData\Roaming\Python\Python314\site-packages\fastapi\middleware\asyncexitstack.py", line 18, in __call__
    await self.app(scope, receive, send)
  File "C:\Users\Sachin\AppData\Roaming\Python\Python314\site-packages\starlette\routing.py", line 660, in __call__
    await self.middleware_stack(scope, receive, send)
  File "C:\Users\Sachin\AppData\Roaming\Python\Python314\site-packages\starlette\routing.py", line 680, in app
    await route.handle(scope, receive, send)
  File "C:\Users\Sachin\AppData\Roaming\Python\Python314\site-packages\starlette\routing.py", line 276, in handle
    await self.app(scope, receive, send)
  File "C:\Users\Sachin\AppData\Roaming\Python\Python314\site-packages\fastapi\routing.py", line 134, in app
    await wrap_app_handling_exceptions(app, request)(scope, receive, send)
  File "C:\Users\Sachin\AppData\Roaming\Python\Python314\site-packages\starlette\_exception_handler.py", line 53, in wrapped_app
    raise exc
  File "C:\Users\Sachin\AppData\Roaming\Python\Python314\site-packages\starlette\_exception_handler.py", line 42, in wrapped_app
    await app(scope, receive, sender)
  File "C:\Users\Sachin\AppData\Roaming\Python\Python314\site-packages\fastapi\routing.py", line 120, in app
    response = await f(request)
               ^^^^^^^^^^^^^^^^
  File "C:\Users\Sachin\AppData\Roaming\Python\Python314\site-packages\fastapi\routing.py", line 674, in app
    raw_response = await run_endpoint_function(
                   ^^^^^^^^^^^^^^^^^^^^^^^^^^^^
    ...<3 lines>...
    )
    ^
  File "C:\Users\Sachin\AppData\Roaming\Python\Python314\site-packages\fastapi\routing.py", line 330, in run_endpoint_function
    return await run_in_threadpool(dependant.call, **values)
           ^^^^^^^^^^^^^^^^^^^^^^^^^^^^^^^^^^^^^^^^^^^^^^^^^
  File "C:\Users\Sachin\AppData\Roaming\Python\Python314\site-packages\starlette\concurrency.py", line 32, in run_in_threadpool
    return await anyio.to_thread.run_sync(func)
           ^^^^^^^^^^^^^^^^^^^^^^^^^^^^^^^^^^^^
  File "C:\Users\Sachin\AppData\Roaming\Python\Python314\site-packages\anyio\to_thread.py", line 63, in run_sync
    return await get_async_backend().run_sync_in_worker_thread(
           ^^^^^^^^^^^^^^^^^^^^^^^^^^^^^^^^^^^^^^^^^^^^^^^^^^^^
        func, args, abandon_on_cancel=abandon_on_cancel, limiter=limiter
        ^^^^^^^^^^^^^^^^^^^^^^^^^^^^^^^^^^^^^^^^^^^^^^^^^^^^^^^^^^^^^^^^
    )
    ^
  File "C:\Users\Sachin\AppData\Roaming\Python\Python314\site-packages\anyio\_backends\_asyncio.py", line 2518, in run_sync_in_worker_thread
    return await future
           ^^^^^^^^^^^^
  File "C:\Users\Sachin\AppData\Roaming\Python\Python314\site-packages\anyio\_backends\_asyncio.py", line 1002, in run
    result = context.run(func, *args)
  File "C:\Users\Sachin\OneDrive\Desktop\STOCKIT1\backend\app\api\routes.py", line 90, in predict_price
    history = yf.Ticker(symbol).history(period="6mo", interval="1d", auto_adjust=False)
  File "C:\Users\Sachin\AppData\Roaming\Python\Python314\site-packages\yfinance\utils.py", line 95, in wrapper
    result = func(*args, **kwargs)
  File "C:\Users\Sachin\AppData\Roaming\Python\Python314\site-packages\yfinance\base.py", line 129, in history
    return self._lazy_load_price_history().history(*args, **kwargs)
           ~~~~~~~~~~~~~~~~~~~~~~~~~~~~~~~~~~~~~~~^^^^^^^^^^^^^^^^^
  File "C:\Users\Sachin\AppData\Roaming\Python\Python314\site-packages\yfinance\utils.py", line 95, in wrapper
    result = func(*args, **kwargs)
  File "C:\Users\Sachin\AppData\Roaming\Python\Python314\site-packages\yfinance\scrapers\history.py", line 224, in history
    if data['chart']['result'] is None:
       ~~~~^^^^^^^^^
TypeError: 'NoneType' object is not subscriptable
INFO:     127.0.0.1:57598 - "WebSocket /api/ws/RELIANCE.NS" [accepted]
ERROR:    Exception in ASGI application
Traceback (most recent call last):
  File "C:\Users\Sachin\AppData\Roaming\Python\Python314\site-packages\uvicorn\protocols\websockets\websockets_impl.py", line 244, in run_asgi
    result = await self.app(self.scope, self.asgi_receive, self.asgi_send)  # type: ignore[func-returns-value]
             ^^^^^^^^^^^^^^^^^^^^^^^^^^^^^^^^^^^^^^^^^^^^^^^^^^^^^^^^^^^^^
  File "C:\Users\Sachin\AppData\Roaming\Python\Python314\site-packages\uvicorn\middleware\proxy_headers.py", line 60, in __call__
    return await self.app(scope, receive, send)
           ^^^^^^^^^^^^^^^^^^^^^^^^^^^^^^^^^^^^
  File "C:\Users\Sachin\AppData\Roaming\Python\Python314\site-packages\fastapi\applications.py", line 1159, in __call__
    await super().__call__(scope, receive, send)
  File "C:\Users\Sachin\AppData\Roaming\Python\Python314\site-packages\starlette\applications.py", line 90, in __call__
    await self.middleware_stack(scope, receive, send)
  File "C:\Users\Sachin\AppData\Roaming\Python\Python314\site-packages\starlette\middleware\errors.py", line 151, in __call__
    await self.app(scope, receive, send)
  File "C:\Users\Sachin\AppData\Roaming\Python\Python314\site-packages\starlette\middleware\cors.py", line 80, in __call__
    await self.app(scope, receive, send)
  File "C:\Users\Sachin\AppData\Roaming\Python\Python314\site-packages\starlette\middleware\exceptions.py", line 63, in __call__
    await wrap_app_handling_exceptions(self.app, conn)(scope, receive, send)
  File "C:\Users\Sachin\AppData\Roaming\Python\Python314\site-packages\starlette\_exception_handler.py", line 53, in wrapped_app
    raise exc
  File "C:\Users\Sachin\AppData\Roaming\Python\Python314\site-packages\starlette\_exception_handler.py", line 42, in wrapped_app
    await app(scope, receive, sender)
  File "C:\Users\Sachin\AppData\Roaming\Python\Python314\site-packages\fastapi\middleware\asyncexitstack.py", line 18, in __call__
    await self.app(scope, receive, send)
  File "C:\Users\Sachin\AppData\Roaming\Python\Python314\site-packages\starlette\routing.py", line 660, in __call__
    await self.middleware_stack(scope, receive, send)
  File "C:\Users\Sachin\AppData\Roaming\Python\Python314\site-packages\starlette\routing.py", line 680, in app
    await route.handle(scope, receive, send)
  File "C:\Users\Sachin\AppData\Roaming\Python\Python314\site-packages\starlette\routing.py", line 350, in handle
    await self.app(scope, receive, send)
  File "C:\Users\Sachin\AppData\Roaming\Python\Python314\site-packages\fastapi\routing.py", line 160, in app
    await wrap_app_handling_exceptions(app, session)(scope, receive, send)
  File "C:\Users\Sachin\AppData\Roaming\Python\Python314\site-packages\starlette\_exception_handler.py", line 53, in wrapped_app
    raise exc
  File "C:\Users\Sachin\AppData\Roaming\Python\Python314\site-packages\starlette\_exception_handler.py", line 42, in wrapped_app
    await app(scope, receive, sender)
  File "C:\Users\Sachin\AppData\Roaming\Python\Python314\site-packages\fastapi\routing.py", line 157, in app
    await func(session)
  File "C:\Users\Sachin\AppData\Roaming\Python\Python314\site-packages\fastapi\routing.py", line 764, in app
    await dependant.call(**solved_result.values)
  File "C:\Users\Sachin\OneDrive\Desktop\STOCKIT1\backend\app\api\routes.py", line 148, in stock_socket
    price = get_live_price(symbol)
  File "C:\Users\Sachin\OneDrive\Desktop\STOCKIT1\backend\app\services\market_data.py", line 125, in get_live_price
    if info.get("lastPrice"):
       ~~~~~~~~^^^^^^^^^^^^^
  File "C:\Users\Sachin\AppData\Roaming\Python\Python314\site-packages\yfinance\scrapers\quote.py", line 101, in get
    return self[key]
           ~~~~^^^^^
  File "C:\Users\Sachin\AppData\Roaming\Python\Python314\site-packages\yfinance\scrapers\quote.py", line 111, in __getitem__
    return getattr(self, k)
  File "C:\Users\Sachin\AppData\Roaming\Python\Python314\site-packages\yfinance\scrapers\quote.py", line 248, in last_price
    prices = self._get_1y_prices()
  File "C:\Users\Sachin\AppData\Roaming\Python\Python314\site-packages\yfinance\scrapers\quote.py", line 130, in _get_1y_prices
    self._prices_1y = self._tkr.history(period="1y", auto_adjust=False, keepna=True)
                      ~~~~~~~~~~~~~~~~~^^^^^^^^^^^^^^^^^^^^^^^^^^^^^^^^^^^^^^^^^^^^^
  File "C:\Users\Sachin\AppData\Roaming\Python\Python314\site-packages\yfinance\utils.py", line 95, in wrapper
    result = func(*args, **kwargs)
  File "C:\Users\Sachin\AppData\Roaming\Python\Python314\site-packages\yfinance\base.py", line 129, in history
    return self._lazy_load_price_history().history(*args, **kwargs)
           ~~~~~~~~~~~~~~~~~~~~~~~~~~~~~~~~~~~~~~~^^^^^^^^^^^^^^^^^
  File "C:\Users\Sachin\AppData\Roaming\Python\Python314\site-packages\yfinance\utils.py", line 95, in wrapper
    result = func(*args, **kwargs)
  File "C:\Users\Sachin\AppData\Roaming\Python\Python314\site-packages\yfinance\scrapers\history.py", line 224, in history
    if data['chart']['result'] is None:
       ~~~~^^^^^^^^^
TypeError: 'NoneType' object is not subscriptable
INFO:     connection open
INFO:     connection closed
INFO:     127.0.0.1:52264 - "GET /api/search?query= HTTP/1.1" 200 OK
INFO:     127.0.0.1:52264 - "OPTIONS /api/stock/TCS.NS HTTP/1.1" 200 OK
INFO:     127.0.0.1:57542 - "OPTIONS /api/predict/TCS.NS HTTP/1.1" 200 OK
INFO:     127.0.0.1:57542 - "GET /api/stock/TCS.NS HTTP/1.1" 500 Internal Server Error
ERROR:    Exception in ASGI application
Traceback (most recent call last):
  File "C:\Users\Sachin\AppData\Roaming\Python\Python314\site-packages\uvicorn\protocols\http\h11_impl.py", line 410, in run_asgi
    result = await app(  # type: ignore[func-returns-value]
             ^^^^^^^^^^^^^^^^^^^^^^^^^^^^^^^^^^^^^^^^^^^^^^
        self.scope, self.receive, self.send
        ^^^^^^^^^^^^^^^^^^^^^^^^^^^^^^^^^^^
    )
    ^
  File "C:\Users\Sachin\AppData\Roaming\Python\Python314\site-packages\uvicorn\middleware\proxy_headers.py", line 60, in __call__
    return await self.app(scope, receive, send)
           ^^^^^^^^^^^^^^^^^^^^^^^^^^^^^^^^^^^^
  File "C:\Users\Sachin\AppData\Roaming\Python\Python314\site-packages\fastapi\applications.py", line 1159, in __call__
    await super().__call__(scope, receive, send)
  File "C:\Users\Sachin\AppData\Roaming\Python\Python314\site-packages\starlette\applications.py", line 90, in __call__
    await self.middleware_stack(scope, receive, send)
  File "C:\Users\Sachin\AppData\Roaming\Python\Python314\site-packages\starlette\middleware\errors.py", line 186, in __call__
    raise exc
  File "C:\Users\Sachin\AppData\Roaming\Python\Python314\site-packages\starlette\middleware\errors.py", line 164, in __call__
    await self.app(scope, receive, _send)
  File "C:\Users\Sachin\AppData\Roaming\Python\Python314\site-packages\starlette\middleware\cors.py", line 96, in __call__
    await self.simple_response(scope, receive, send, request_headers=headers)
  File "C:\Users\Sachin\AppData\Roaming\Python\Python314\site-packages\starlette\middleware\cors.py", line 154, in simple_response
    await self.app(scope, receive, send)
  File "C:\Users\Sachin\AppData\Roaming\Python\Python314\site-packages\starlette\middleware\exceptions.py", line 63, in __call__
    await wrap_app_handling_exceptions(self.app, conn)(scope, receive, send)
  File "C:\Users\Sachin\AppData\Roaming\Python\Python314\site-packages\starlette\_exception_handler.py", line 53, in wrapped_app
    raise exc
  File "C:\Users\Sachin\AppData\Roaming\Python\Python314\site-packages\starlette\_exception_handler.py", line 42, in wrapped_app
    await app(scope, receive, sender)
  File "C:\Users\Sachin\AppData\Roaming\Python\Python314\site-packages\fastapi\middleware\asyncexitstack.py", line 18, in __call__
    await self.app(scope, receive, send)
  File "C:\Users\Sachin\AppData\Roaming\Python\Python314\site-packages\starlette\routing.py", line 660, in __call__
    await self.middleware_stack(scope, receive, send)
  File "C:\Users\Sachin\AppData\Roaming\Python\Python314\site-packages\starlette\routing.py", line 680, in app
    await route.handle(scope, receive, send)
  File "C:\Users\Sachin\AppData\Roaming\Python\Python314\site-packages\starlette\routing.py", line 276, in handle
    await self.app(scope, receive, send)
  File "C:\Users\Sachin\AppData\Roaming\Python\Python314\site-packages\fastapi\routing.py", line 134, in app
    await wrap_app_handling_exceptions(app, request)(scope, receive, send)
  File "C:\Users\Sachin\AppData\Roaming\Python\Python314\site-packages\starlette\_exception_handler.py", line 53, in wrapped_app
    raise exc
  File "C:\Users\Sachin\AppData\Roaming\Python\Python314\site-packages\starlette\_exception_handler.py", line 42, in wrapped_app
    await app(scope, receive, sender)
  File "C:\Users\Sachin\AppData\Roaming\Python\Python314\site-packages\fastapi\routing.py", line 120, in app
    response = await f(request)
               ^^^^^^^^^^^^^^^^
  File "C:\Users\Sachin\AppData\Roaming\Python\Python314\site-packages\fastapi\routing.py", line 674, in app
    raw_response = await run_endpoint_function(
                   ^^^^^^^^^^^^^^^^^^^^^^^^^^^^
    ...<3 lines>...
    )
    ^
  File "C:\Users\Sachin\AppData\Roaming\Python\Python314\site-packages\fastapi\routing.py", line 330, in run_endpoint_function
    return await run_in_threadpool(dependant.call, **values)
           ^^^^^^^^^^^^^^^^^^^^^^^^^^^^^^^^^^^^^^^^^^^^^^^^^
  File "C:\Users\Sachin\AppData\Roaming\Python\Python314\site-packages\starlette\concurrency.py", line 32, in run_in_threadpool
    return await anyio.to_thread.run_sync(func)
           ^^^^^^^^^^^^^^^^^^^^^^^^^^^^^^^^^^^^
  File "C:\Users\Sachin\AppData\Roaming\Python\Python314\site-packages\anyio\to_thread.py", line 63, in run_sync
    return await get_async_backend().run_sync_in_worker_thread(
           ^^^^^^^^^^^^^^^^^^^^^^^^^^^^^^^^^^^^^^^^^^^^^^^^^^^^
        func, args, abandon_on_cancel=abandon_on_cancel, limiter=limiter
        ^^^^^^^^^^^^^^^^^^^^^^^^^^^^^^^^^^^^^^^^^^^^^^^^^^^^^^^^^^^^^^^^
    )
    ^
  File "C:\Users\Sachin\AppData\Roaming\Python\Python314\site-packages\anyio\_backends\_asyncio.py", line 2518, in run_sync_in_worker_thread
    return await future
           ^^^^^^^^^^^^
  File "C:\Users\Sachin\AppData\Roaming\Python\Python314\site-packages\anyio\_backends\_asyncio.py", line 1002, in run
    result = context.run(func, *args)
  File "C:\Users\Sachin\OneDrive\Desktop\STOCKIT1\backend\app\api\routes.py", line 82, in stock_details
    return get_stock_snapshot(symbol)
  File "C:\Users\Sachin\OneDrive\Desktop\STOCKIT1\backend\app\services\market_data.py", line 88, in get_stock_snapshot
    info, history = _prepare_history(symbol)
                    ~~~~~~~~~~~~~~~~^^^^^^^^
  File "C:\Users\Sachin\OneDrive\Desktop\STOCKIT1\backend\app\services\market_data.py", line 51, in _prepare_history
    history = ticker.history(period=period, interval=interval, auto_adjust=False)
  File "C:\Users\Sachin\AppData\Roaming\Python\Python314\site-packages\yfinance\utils.py", line 95, in wrapper
    result = func(*args, **kwargs)
  File "C:\Users\Sachin\AppData\Roaming\Python\Python314\site-packages\yfinance\base.py", line 129, in history
    return self._lazy_load_price_history().history(*args, **kwargs)
           ~~~~~~~~~~~~~~~~~~~~~~~~~~~~~~~~~~~~~~~^^^^^^^^^^^^^^^^^
  File "C:\Users\Sachin\AppData\Roaming\Python\Python314\site-packages\yfinance\utils.py", line 95, in wrapper
    result = func(*args, **kwargs)
  File "C:\Users\Sachin\AppData\Roaming\Python\Python314\site-packages\yfinance\scrapers\history.py", line 224, in history
    if data['chart']['result'] is None:
       ~~~~^^^^^^^^^
TypeError: 'NoneType' object is not subscriptable
INFO:     127.0.0.1:52264 - "GET /api/predict/TCS.NS HTTP/1.1" 500 Internal Server Error
ERROR:    Exception in ASGI application
Traceback (most recent call last):
  File "C:\Users\Sachin\AppData\Roaming\Python\Python314\site-packages\uvicorn\protocols\http\h11_impl.py", line 410, in run_asgi
    result = await app(  # type: ignore[func-returns-value]
             ^^^^^^^^^^^^^^^^^^^^^^^^^^^^^^^^^^^^^^^^^^^^^^
        self.scope, self.receive, self.send
        ^^^^^^^^^^^^^^^^^^^^^^^^^^^^^^^^^^^
    )
    ^
  File "C:\Users\Sachin\AppData\Roaming\Python\Python314\site-packages\uvicorn\middleware\proxy_headers.py", line 60, in __call__
    return await self.app(scope, receive, send)
           ^^^^^^^^^^^^^^^^^^^^^^^^^^^^^^^^^^^^
  File "C:\Users\Sachin\AppData\Roaming\Python\Python314\site-packages\fastapi\applications.py", line 1159, in __call__
    await super().__call__(scope, receive, send)
  File "C:\Users\Sachin\AppData\Roaming\Python\Python314\site-packages\starlette\applications.py", line 90, in __call__
    await self.middleware_stack(scope, receive, send)
  File "C:\Users\Sachin\AppData\Roaming\Python\Python314\site-packages\starlette\middleware\errors.py", line 186, in __call__
    raise exc
  File "C:\Users\Sachin\AppData\Roaming\Python\Python314\site-packages\starlette\middleware\errors.py", line 164, in __call__
    await self.app(scope, receive, _send)
  File "C:\Users\Sachin\AppData\Roaming\Python\Python314\site-packages\starlette\middleware\cors.py", line 96, in __call__
    await self.simple_response(scope, receive, send, request_headers=headers)
  File "C:\Users\Sachin\AppData\Roaming\Python\Python314\site-packages\starlette\middleware\cors.py", line 154, in simple_response
    await self.app(scope, receive, send)
  File "C:\Users\Sachin\AppData\Roaming\Python\Python314\site-packages\starlette\middleware\exceptions.py", line 63, in __call__
    await wrap_app_handling_exceptions(self.app, conn)(scope, receive, send)
  File "C:\Users\Sachin\AppData\Roaming\Python\Python314\site-packages\starlette\_exception_handler.py", line 53, in wrapped_app
    raise exc
  File "C:\Users\Sachin\AppData\Roaming\Python\Python314\site-packages\starlette\_exception_handler.py", line 42, in wrapped_app
    await app(scope, receive, sender)
  File "C:\Users\Sachin\AppData\Roaming\Python\Python314\site-packages\fastapi\middleware\asyncexitstack.py", line 18, in __call__
    await self.app(scope, receive, send)
  File "C:\Users\Sachin\AppData\Roaming\Python\Python314\site-packages\starlette\routing.py", line 660, in __call__
    await self.middleware_stack(scope, receive, send)
  File "C:\Users\Sachin\AppData\Roaming\Python\Python314\site-packages\starlette\routing.py", line 680, in app
    await route.handle(scope, receive, send)
  File "C:\Users\Sachin\AppData\Roaming\Python\Python314\site-packages\starlette\routing.py", line 276, in handle
    await self.app(scope, receive, send)
  File "C:\Users\Sachin\AppData\Roaming\Python\Python314\site-packages\fastapi\routing.py", line 134, in app
    await wrap_app_handling_exceptions(app, request)(scope, receive, send)
  File "C:\Users\Sachin\AppData\Roaming\Python\Python314\site-packages\starlette\_exception_handler.py", line 53, in wrapped_app
    raise exc
  File "C:\Users\Sachin\AppData\Roaming\Python\Python314\site-packages\starlette\_exception_handler.py", line 42, in wrapped_app
    await app(scope, receive, sender)
  File "C:\Users\Sachin\AppData\Roaming\Python\Python314\site-packages\fastapi\routing.py", line 120, in app
    response = await f(request)
               ^^^^^^^^^^^^^^^^
  File "C:\Users\Sachin\AppData\Roaming\Python\Python314\site-packages\fastapi\routing.py", line 674, in app
    raw_response = await run_endpoint_function(
                   ^^^^^^^^^^^^^^^^^^^^^^^^^^^^
    ...<3 lines>...
    )
    ^
  File "C:\Users\Sachin\AppData\Roaming\Python\Python314\site-packages\fastapi\routing.py", line 330, in run_endpoint_function
    return await run_in_threadpool(dependant.call, **values)
           ^^^^^^^^^^^^^^^^^^^^^^^^^^^^^^^^^^^^^^^^^^^^^^^^^
  File "C:\Users\Sachin\AppData\Roaming\Python\Python314\site-packages\starlette\concurrency.py", line 32, in run_in_threadpool
    return await anyio.to_thread.run_sync(func)
           ^^^^^^^^^^^^^^^^^^^^^^^^^^^^^^^^^^^^
  File "C:\Users\Sachin\AppData\Roaming\Python\Python314\site-packages\anyio\to_thread.py", line 63, in run_sync
    return await get_async_backend().run_sync_in_worker_thread(
           ^^^^^^^^^^^^^^^^^^^^^^^^^^^^^^^^^^^^^^^^^^^^^^^^^^^^
        func, args, abandon_on_cancel=abandon_on_cancel, limiter=limiter
        ^^^^^^^^^^^^^^^^^^^^^^^^^^^^^^^^^^^^^^^^^^^^^^^^^^^^^^^^^^^^^^^^
    )
    ^
  File "C:\Users\Sachin\AppData\Roaming\Python\Python314\site-packages\anyio\_backends\_asyncio.py", line 2518, in run_sync_in_worker_thread
    return await future
           ^^^^^^^^^^^^
  File "C:\Users\Sachin\AppData\Roaming\Python\Python314\site-packages\anyio\_backends\_asyncio.py", line 1002, in run
    result = context.run(func, *args)
  File "C:\Users\Sachin\OneDrive\Desktop\STOCKIT1\backend\app\api\routes.py", line 90, in predict_price
    history = yf.Ticker(symbol).history(period="6mo", interval="1d", auto_adjust=False)
  File "C:\Users\Sachin\AppData\Roaming\Python\Python314\site-packages\yfinance\utils.py", line 95, in wrapper
    result = func(*args, **kwargs)
  File "C:\Users\Sachin\AppData\Roaming\Python\Python314\site-packages\yfinance\base.py", line 129, in history
    return self._lazy_load_price_history().history(*args, **kwargs)
           ~~~~~~~~~~~~~~~~~~~~~~~~~~~~~~~~~~~~~~~^^^^^^^^^^^^^^^^^
  File "C:\Users\Sachin\AppData\Roaming\Python\Python314\site-packages\yfinance\utils.py", line 95, in wrapper
    result = func(*args, **kwargs)
  File "C:\Users\Sachin\AppData\Roaming\Python\Python314\site-packages\yfinance\scrapers\history.py", line 224, in history
    if data['chart']['result'] is None:
       ~~~~^^^^^^^^^
TypeError: 'NoneType' object is not subscriptable
INFO:     127.0.0.1:54723 - "WebSocket /api/ws/TCS.NS" [accepted]
ERROR:    Exception in ASGI application
Traceback (most recent call last):
  File "C:\Users\Sachin\AppData\Roaming\Python\Python314\site-packages\uvicorn\protocols\websockets\websockets_impl.py", line 244, in run_asgi
    result = await self.app(self.scope, self.asgi_receive, self.asgi_send)  # type: ignore[func-returns-value]
             ^^^^^^^^^^^^^^^^^^^^^^^^^^^^^^^^^^^^^^^^^^^^^^^^^^^^^^^^^^^^^
  File "C:\Users\Sachin\AppData\Roaming\Python\Python314\site-packages\uvicorn\middleware\proxy_headers.py", line 60, in __call__
    return await self.app(scope, receive, send)
           ^^^^^^^^^^^^^^^^^^^^^^^^^^^^^^^^^^^^
  File "C:\Users\Sachin\AppData\Roaming\Python\Python314\site-packages\fastapi\applications.py", line 1159, in __call__
    await super().__call__(scope, receive, send)
  File "C:\Users\Sachin\AppData\Roaming\Python\Python314\site-packages\starlette\applications.py", line 90, in __call__
    await self.middleware_stack(scope, receive, send)
  File "C:\Users\Sachin\AppData\Roaming\Python\Python314\site-packages\starlette\middleware\errors.py", line 151, in __call__
    await self.app(scope, receive, send)
  File "C:\Users\Sachin\AppData\Roaming\Python\Python314\site-packages\starlette\middleware\cors.py", line 80, in __call__
    await self.app(scope, receive, send)
  File "C:\Users\Sachin\AppData\Roaming\Python\Python314\site-packages\starlette\middleware\exceptions.py", line 63, in __call__
    await wrap_app_handling_exceptions(self.app, conn)(scope, receive, send)
  File "C:\Users\Sachin\AppData\Roaming\Python\Python314\site-packages\starlette\_exception_handler.py", line 53, in wrapped_app
    raise exc
  File "C:\Users\Sachin\AppData\Roaming\Python\Python314\site-packages\starlette\_exception_handler.py", line 42, in wrapped_app
    await app(scope, receive, sender)
  File "C:\Users\Sachin\AppData\Roaming\Python\Python314\site-packages\fastapi\middleware\asyncexitstack.py", line 18, in __call__
    await self.app(scope, receive, send)
  File "C:\Users\Sachin\AppData\Roaming\Python\Python314\site-packages\starlette\routing.py", line 660, in __call__
    await self.middleware_stack(scope, receive, send)
  File "C:\Users\Sachin\AppData\Roaming\Python\Python314\site-packages\starlette\routing.py", line 680, in app
    await route.handle(scope, receive, send)
  File "C:\Users\Sachin\AppData\Roaming\Python\Python314\site-packages\starlette\routing.py", line 350, in handle
    await self.app(scope, receive, send)
  File "C:\Users\Sachin\AppData\Roaming\Python\Python314\site-packages\fastapi\routing.py", line 160, in app
    await wrap_app_handling_exceptions(app, session)(scope, receive, send)
  File "C:\Users\Sachin\AppData\Roaming\Python\Python314\site-packages\starlette\_exception_handler.py", line 53, in wrapped_app
    raise exc
  File "C:\Users\Sachin\AppData\Roaming\Python\Python314\site-packages\starlette\_exception_handler.py", line 42, in wrapped_app
    await app(scope, receive, sender)
  File "C:\Users\Sachin\AppData\Roaming\Python\Python314\site-packages\fastapi\routing.py", line 157, in app
    await func(session)
  File "C:\Users\Sachin\AppData\Roaming\Python\Python314\site-packages\fastapi\routing.py", line 764, in app
    await dependant.call(**solved_result.values)
  File "C:\Users\Sachin\OneDrive\Desktop\STOCKIT1\backend\app\api\routes.py", line 148, in stock_socket
    price = get_live_price(symbol)
  File "C:\Users\Sachin\OneDrive\Desktop\STOCKIT1\backend\app\services\market_data.py", line 125, in get_live_price
    if info.get("lastPrice"):
       ~~~~~~~~^^^^^^^^^^^^^
  File "C:\Users\Sachin\AppData\Roaming\Python\Python314\site-packages\yfinance\scrapers\quote.py", line 101, in get
    return self[key]
           ~~~~^^^^^
  File "C:\Users\Sachin\AppData\Roaming\Python\Python314\site-packages\yfinance\scrapers\quote.py", line 111, in __getitem__
    return getattr(self, k)
  File "C:\Users\Sachin\AppData\Roaming\Python\Python314\site-packages\yfinance\scrapers\quote.py", line 248, in last_price
    prices = self._get_1y_prices()
  File "C:\Users\Sachin\AppData\Roaming\Python\Python314\site-packages\yfinance\scrapers\quote.py", line 130, in _get_1y_prices
    self._prices_1y = self._tkr.history(period="1y", auto_adjust=False, keepna=True)
                      ~~~~~~~~~~~~~~~~~^^^^^^^^^^^^^^^^^^^^^^^^^^^^^^^^^^^^^^^^^^^^^
  File "C:\Users\Sachin\AppData\Roaming\Python\Python314\site-packages\yfinance\utils.py", line 95, in wrapper
    result = func(*args, **kwargs)
  File "C:\Users\Sachin\AppData\Roaming\Python\Python314\site-packages\yfinance\base.py", line 129, in history
    return self._lazy_load_price_history().history(*args, **kwargs)
           ~~~~~~~~~~~~~~~~~~~~~~~~~~~~~~~~~~~~~~~^^^^^^^^^^^^^^^^^
  File "C:\Users\Sachin\AppData\Roaming\Python\Python314\site-packages\yfinance\utils.py", line 95, in wrapper
    result = func(*args, **kwargs)
  File "C:\Users\Sachin\AppData\Roaming\Python\Python314\site-packages\yfinance\scrapers\history.py", line 224, in history
    if data['chart']['result'] is None:
       ~~~~^^^^^^^^^
TypeError: 'NoneType' object is not subscriptable
INFO:     connection open
INFO:     connection closed
INFO:     127.0.0.1:61052 - "GET /api/predict/TCS.NS HTTP/1.1" 500 Internal Server Error
ERROR:    Exception in ASGI application
Traceback (most recent call last):
  File "C:\Users\Sachin\AppData\Roaming\Python\Python314\site-packages\uvicorn\protocols\http\h11_impl.py", line 410, in run_asgi
    result = await app(  # type: ignore[func-returns-value]
             ^^^^^^^^^^^^^^^^^^^^^^^^^^^^^^^^^^^^^^^^^^^^^^
        self.scope, self.receive, self.send
        ^^^^^^^^^^^^^^^^^^^^^^^^^^^^^^^^^^^
    )
    ^
  File "C:\Users\Sachin\AppData\Roaming\Python\Python314\site-packages\uvicorn\middleware\proxy_headers.py", line 60, in __call__
    return await self.app(scope, receive, send)
           ^^^^^^^^^^^^^^^^^^^^^^^^^^^^^^^^^^^^
  File "C:\Users\Sachin\AppData\Roaming\Python\Python314\site-packages\fastapi\applications.py", line 1159, in __call__
    await super().__call__(scope, receive, send)
  File "C:\Users\Sachin\AppData\Roaming\Python\Python314\site-packages\starlette\applications.py", line 90, in __call__
    await self.middleware_stack(scope, receive, send)
  File "C:\Users\Sachin\AppData\Roaming\Python\Python314\site-packages\starlette\middleware\errors.py", line 186, in __call__
    raise exc
  File "C:\Users\Sachin\AppData\Roaming\Python\Python314\site-packages\starlette\middleware\errors.py", line 164, in __call__
    await self.app(scope, receive, _send)
  File "C:\Users\Sachin\AppData\Roaming\Python\Python314\site-packages\starlette\middleware\cors.py", line 96, in __call__
    await self.simple_response(scope, receive, send, request_headers=headers)
  File "C:\Users\Sachin\AppData\Roaming\Python\Python314\site-packages\starlette\middleware\cors.py", line 154, in simple_response
    await self.app(scope, receive, send)
  File "C:\Users\Sachin\AppData\Roaming\Python\Python314\site-packages\starlette\middleware\exceptions.py", line 63, in __call__
    await wrap_app_handling_exceptions(self.app, conn)(scope, receive, send)
  File "C:\Users\Sachin\AppData\Roaming\Python\Python314\site-packages\starlette\_exception_handler.py", line 53, in wrapped_app
    raise exc
  File "C:\Users\Sachin\AppData\Roaming\Python\Python314\site-packages\starlette\_exception_handler.py", line 42, in wrapped_app
    await app(scope, receive, sender)
  File "C:\Users\Sachin\AppData\Roaming\Python\Python314\site-packages\fastapi\middleware\asyncexitstack.py", line 18, in __call__
    await self.app(scope, receive, send)
  File "C:\Users\Sachin\AppData\Roaming\Python\Python314\site-packages\starlette\routing.py", line 660, in __call__
    await self.middleware_stack(scope, receive, send)
  File "C:\Users\Sachin\AppData\Roaming\Python\Python314\site-packages\starlette\routing.py", line 680, in app
    await route.handle(scope, receive, send)
  File "C:\Users\Sachin\AppData\Roaming\Python\Python314\site-packages\starlette\routing.py", line 276, in handle
    await self.app(scope, receive, send)
  File "C:\Users\Sachin\AppData\Roaming\Python\Python314\site-packages\fastapi\routing.py", line 134, in app
    await wrap_app_handling_exceptions(app, request)(scope, receive, send)
  File "C:\Users\Sachin\AppData\Roaming\Python\Python314\site-packages\starlette\_exception_handler.py", line 53, in wrapped_app
    raise exc
  File "C:\Users\Sachin\AppData\Roaming\Python\Python314\site-packages\starlette\_exception_handler.py", line 42, in wrapped_app
    await app(scope, receive, sender)
  File "C:\Users\Sachin\AppData\Roaming\Python\Python314\site-packages\fastapi\routing.py", line 120, in app
    response = await f(request)
               ^^^^^^^^^^^^^^^^
  File "C:\Users\Sachin\AppData\Roaming\Python\Python314\site-packages\fastapi\routing.py", line 674, in app
    raw_response = await run_endpoint_function(
                   ^^^^^^^^^^^^^^^^^^^^^^^^^^^^
    ...<3 lines>...
    )
    ^
  File "C:\Users\Sachin\AppData\Roaming\Python\Python314\site-packages\fastapi\routing.py", line 330, in run_endpoint_function
    return await run_in_threadpool(dependant.call, **values)
           ^^^^^^^^^^^^^^^^^^^^^^^^^^^^^^^^^^^^^^^^^^^^^^^^^
  File "C:\Users\Sachin\AppData\Roaming\Python\Python314\site-packages\starlette\concurrency.py", line 32, in run_in_threadpool
    return await anyio.to_thread.run_sync(func)
           ^^^^^^^^^^^^^^^^^^^^^^^^^^^^^^^^^^^^
  File "C:\Users\Sachin\AppData\Roaming\Python\Python314\site-packages\anyio\to_thread.py", line 63, in run_sync
    return await get_async_backend().run_sync_in_worker_thread(
           ^^^^^^^^^^^^^^^^^^^^^^^^^^^^^^^^^^^^^^^^^^^^^^^^^^^^
        func, args, abandon_on_cancel=abandon_on_cancel, limiter=limiter
        ^^^^^^^^^^^^^^^^^^^^^^^^^^^^^^^^^^^^^^^^^^^^^^^^^^^^^^^^^^^^^^^^
    )
    ^
  File "C:\Users\Sachin\AppData\Roaming\Python\Python314\site-packages\anyio\_backends\_asyncio.py", line 2518, in run_sync_in_worker_thread
    return await future
           ^^^^^^^^^^^^
  File "C:\Users\Sachin\AppData\Roaming\Python\Python314\site-packages\anyio\_backends\_asyncio.py", line 1002, in run
    result = context.run(func, *args)
  File "C:\Users\Sachin\OneDrive\Desktop\STOCKIT1\backend\app\api\routes.py", line 90, in predict_price
    history = yf.Ticker(symbol).history(period="6mo", interval="1d", auto_adjust=False)
  File "C:\Users\Sachin\AppData\Roaming\Python\Python314\site-packages\yfinance\utils.py", line 95, in wrapper
    result = func(*args, **kwargs)
  File "C:\Users\Sachin\AppData\Roaming\Python\Python314\site-packages\yfinance\base.py", line 129, in history
    return self._lazy_load_price_history().history(*args, **kwargs)
           ~~~~~~~~~~~~~~~~~~~~~~~~~~~~~~~~~~~~~~~^^^^^^^^^^^^^^^^^
  File "C:\Users\Sachin\AppData\Roaming\Python\Python314\site-packages\yfinance\utils.py", line 95, in wrapper
    result = func(*args, **kwargs)
  File "C:\Users\Sachin\AppData\Roaming\Python\Python314\site-packages\yfinance\scrapers\history.py", line 224, in history
    if data['chart']['result'] is None:
       ~~~~^^^^^^^^^
TypeError: 'NoneType' object is not subscriptable
INFO:     127.0.0.1:53131 - "GET /api/stock/TCS.NS HTTP/1.1" 500 Internal Server Error
ERROR:    Exception in ASGI application
Traceback (most recent call last):
  File "C:\Users\Sachin\AppData\Roaming\Python\Python314\site-packages\uvicorn\protocols\http\h11_impl.py", line 410, in run_asgi
    result = await app(  # type: ignore[func-returns-value]
             ^^^^^^^^^^^^^^^^^^^^^^^^^^^^^^^^^^^^^^^^^^^^^^
        self.scope, self.receive, self.send
        ^^^^^^^^^^^^^^^^^^^^^^^^^^^^^^^^^^^
    )
    ^
  File "C:\Users\Sachin\AppData\Roaming\Python\Python314\site-packages\uvicorn\middleware\proxy_headers.py", line 60, in __call__
    return await self.app(scope, receive, send)
           ^^^^^^^^^^^^^^^^^^^^^^^^^^^^^^^^^^^^
  File "C:\Users\Sachin\AppData\Roaming\Python\Python314\site-packages\fastapi\applications.py", line 1159, in __call__
    await super().__call__(scope, receive, send)
  File "C:\Users\Sachin\AppData\Roaming\Python\Python314\site-packages\starlette\applications.py", line 90, in __call__
    await self.middleware_stack(scope, receive, send)
  File "C:\Users\Sachin\AppData\Roaming\Python\Python314\site-packages\starlette\middleware\errors.py", line 186, in __call__
    raise exc
  File "C:\Users\Sachin\AppData\Roaming\Python\Python314\site-packages\starlette\middleware\errors.py", line 164, in __call__
    await self.app(scope, receive, _send)
  File "C:\Users\Sachin\AppData\Roaming\Python\Python314\site-packages\starlette\middleware\cors.py", line 96, in __call__
    await self.simple_response(scope, receive, send, request_headers=headers)
  File "C:\Users\Sachin\AppData\Roaming\Python\Python314\site-packages\starlette\middleware\cors.py", line 154, in simple_response
    await self.app(scope, receive, send)
  File "C:\Users\Sachin\AppData\Roaming\Python\Python314\site-packages\starlette\middleware\exceptions.py", line 63, in __call__
    await wrap_app_handling_exceptions(self.app, conn)(scope, receive, send)
  File "C:\Users\Sachin\AppData\Roaming\Python\Python314\site-packages\starlette\_exception_handler.py", line 53, in wrapped_app
    raise exc
  File "C:\Users\Sachin\AppData\Roaming\Python\Python314\site-packages\starlette\_exception_handler.py", line 42, in wrapped_app
    await app(scope, receive, sender)
  File "C:\Users\Sachin\AppData\Roaming\Python\Python314\site-packages\fastapi\middleware\asyncexitstack.py", line 18, in __call__
    await self.app(scope, receive, send)
  File "C:\Users\Sachin\AppData\Roaming\Python\Python314\site-packages\starlette\routing.py", line 660, in __call__
    await self.middleware_stack(scope, receive, send)
  File "C:\Users\Sachin\AppData\Roaming\Python\Python314\site-packages\starlette\routing.py", line 680, in app
    await route.handle(scope, receive, send)
  File "C:\Users\Sachin\AppData\Roaming\Python\Python314\site-packages\starlette\routing.py", line 276, in handle
    await self.app(scope, receive, send)
  File "C:\Users\Sachin\AppData\Roaming\Python\Python314\site-packages\fastapi\routing.py", line 134, in app
    await wrap_app_handling_exceptions(app, request)(scope, receive, send)
  File "C:\Users\Sachin\AppData\Roaming\Python\Python314\site-packages\starlette\_exception_handler.py", line 53, in wrapped_app
    raise exc
  File "C:\Users\Sachin\AppData\Roaming\Python\Python314\site-packages\starlette\_exception_handler.py", line 42, in wrapped_app
    await app(scope, receive, sender)
  File "C:\Users\Sachin\AppData\Roaming\Python\Python314\site-packages\fastapi\routing.py", line 120, in app
    response = await f(request)
               ^^^^^^^^^^^^^^^^
  File "C:\Users\Sachin\AppData\Roaming\Python\Python314\site-packages\fastapi\routing.py", line 674, in app
    raw_response = await run_endpoint_function(
                   ^^^^^^^^^^^^^^^^^^^^^^^^^^^^
    ...<3 lines>...
    )
    ^
  File "C:\Users\Sachin\AppData\Roaming\Python\Python314\site-packages\fastapi\routing.py", line 330, in run_endpoint_function
    return await run_in_threadpool(dependant.call, **values)
           ^^^^^^^^^^^^^^^^^^^^^^^^^^^^^^^^^^^^^^^^^^^^^^^^^
  File "C:\Users\Sachin\AppData\Roaming\Python\Python314\site-packages\starlette\concurrency.py", line 32, in run_in_threadpool
    return await anyio.to_thread.run_sync(func)
           ^^^^^^^^^^^^^^^^^^^^^^^^^^^^^^^^^^^^
  File "C:\Users\Sachin\AppData\Roaming\Python\Python314\site-packages\anyio\to_thread.py", line 63, in run_sync
    return await get_async_backend().run_sync_in_worker_thread(
           ^^^^^^^^^^^^^^^^^^^^^^^^^^^^^^^^^^^^^^^^^^^^^^^^^^^^
        func, args, abandon_on_cancel=abandon_on_cancel, limiter=limiter
        ^^^^^^^^^^^^^^^^^^^^^^^^^^^^^^^^^^^^^^^^^^^^^^^^^^^^^^^^^^^^^^^^
    )
    ^
  File "C:\Users\Sachin\AppData\Roaming\Python\Python314\site-packages\anyio\_backends\_asyncio.py", line 2518, in run_sync_in_worker_thread
    return await future
           ^^^^^^^^^^^^
  File "C:\Users\Sachin\AppData\Roaming\Python\Python314\site-packages\anyio\_backends\_asyncio.py", line 1002, in run
    result = context.run(func, *args)
  File "C:\Users\Sachin\OneDrive\Desktop\STOCKIT1\backend\app\api\routes.py", line 82, in stock_details
    return get_stock_snapshot(symbol)
  File "C:\Users\Sachin\OneDrive\Desktop\STOCKIT1\backend\app\services\market_data.py", line 88, in get_stock_snapshot
    info, history = _prepare_history(symbol)
                    ~~~~~~~~~~~~~~~~^^^^^^^^
  File "C:\Users\Sachin\OneDrive\Desktop\STOCKIT1\backend\app\services\market_data.py", line 51, in _prepare_history
    history = ticker.history(period=period, interval=interval, auto_adjust=False)
  File "C:\Users\Sachin\AppData\Roaming\Python\Python314\site-packages\yfinance\utils.py", line 95, in wrapper
    result = func(*args, **kwargs)
  File "C:\Users\Sachin\AppData\Roaming\Python\Python314\site-packages\yfinance\base.py", line 129, in history
    return self._lazy_load_price_history().history(*args, **kwargs)
           ~~~~~~~~~~~~~~~~~~~~~~~~~~~~~~~~~~~~~~~^^^^^^^^^^^^^^^^^
  File "C:\Users\Sachin\AppData\Roaming\Python\Python314\site-packages\yfinance\utils.py", line 95, in wrapper
    result = func(*args, **kwargs)
  File "C:\Users\Sachin\AppData\Roaming\Python\Python314\site-packages\yfinance\scrapers\history.py", line 224, in history
    if data['chart']['result'] is None:
       ~~~~^^^^^^^^^
TypeError: 'NoneType' object is not subscriptable
INFO:     127.0.0.1:52057 - "GET /api/predict/TCS.NS HTTP/1.1" 500 Internal Server Error
ERROR:    Exception in ASGI application
Traceback (most recent call last):
  File "C:\Users\Sachin\AppData\Roaming\Python\Python314\site-packages\uvicorn\protocols\http\h11_impl.py", line 410, in run_asgi
    result = await app(  # type: ignore[func-returns-value]
             ^^^^^^^^^^^^^^^^^^^^^^^^^^^^^^^^^^^^^^^^^^^^^^
        self.scope, self.receive, self.send
        ^^^^^^^^^^^^^^^^^^^^^^^^^^^^^^^^^^^
    )
    ^
  File "C:\Users\Sachin\AppData\Roaming\Python\Python314\site-packages\uvicorn\middleware\proxy_headers.py", line 60, in __call__
    return await self.app(scope, receive, send)
           ^^^^^^^^^^^^^^^^^^^^^^^^^^^^^^^^^^^^
  File "C:\Users\Sachin\AppData\Roaming\Python\Python314\site-packages\fastapi\applications.py", line 1159, in __call__
    await super().__call__(scope, receive, send)
  File "C:\Users\Sachin\AppData\Roaming\Python\Python314\site-packages\starlette\applications.py", line 90, in __call__
    await self.middleware_stack(scope, receive, send)
  File "C:\Users\Sachin\AppData\Roaming\Python\Python314\site-packages\starlette\middleware\errors.py", line 186, in __call__
    raise exc
  File "C:\Users\Sachin\AppData\Roaming\Python\Python314\site-packages\starlette\middleware\errors.py", line 164, in __call__
    await self.app(scope, receive, _send)
  File "C:\Users\Sachin\AppData\Roaming\Python\Python314\site-packages\starlette\middleware\cors.py", line 96, in __call__
    await self.simple_response(scope, receive, send, request_headers=headers)
  File "C:\Users\Sachin\AppData\Roaming\Python\Python314\site-packages\starlette\middleware\cors.py", line 154, in simple_response
    await self.app(scope, receive, send)
  File "C:\Users\Sachin\AppData\Roaming\Python\Python314\site-packages\starlette\middleware\exceptions.py", line 63, in __call__
    await wrap_app_handling_exceptions(self.app, conn)(scope, receive, send)
  File "C:\Users\Sachin\AppData\Roaming\Python\Python314\site-packages\starlette\_exception_handler.py", line 53, in wrapped_app
    raise exc
  File "C:\Users\Sachin\AppData\Roaming\Python\Python314\site-packages\starlette\_exception_handler.py", line 42, in wrapped_app
    await app(scope, receive, sender)
  File "C:\Users\Sachin\AppData\Roaming\Python\Python314\site-packages\fastapi\middleware\asyncexitstack.py", line 18, in __call__
    await self.app(scope, receive, send)
  File "C:\Users\Sachin\AppData\Roaming\Python\Python314\site-packages\starlette\routing.py", line 660, in __call__
    await self.middleware_stack(scope, receive, send)
  File "C:\Users\Sachin\AppData\Roaming\Python\Python314\site-packages\starlette\routing.py", line 680, in app
    await route.handle(scope, receive, send)
  File "C:\Users\Sachin\AppData\Roaming\Python\Python314\site-packages\starlette\routing.py", line 276, in handle
    await self.app(scope, receive, send)
  File "C:\Users\Sachin\AppData\Roaming\Python\Python314\site-packages\fastapi\routing.py", line 134, in app
    await wrap_app_handling_exceptions(app, request)(scope, receive, send)
  File "C:\Users\Sachin\AppData\Roaming\Python\Python314\site-packages\starlette\_exception_handler.py", line 53, in wrapped_app
    raise exc
  File "C:\Users\Sachin\AppData\Roaming\Python\Python314\site-packages\starlette\_exception_handler.py", line 42, in wrapped_app
    await app(scope, receive, sender)
  File "C:\Users\Sachin\AppData\Roaming\Python\Python314\site-packages\fastapi\routing.py", line 120, in app
    response = await f(request)
               ^^^^^^^^^^^^^^^^
  File "C:\Users\Sachin\AppData\Roaming\Python\Python314\site-packages\fastapi\routing.py", line 674, in app
    raw_response = await run_endpoint_function(
                   ^^^^^^^^^^^^^^^^^^^^^^^^^^^^
    ...<3 lines>...
    )
    ^
  File "C:\Users\Sachin\AppData\Roaming\Python\Python314\site-packages\fastapi\routing.py", line 330, in run_endpoint_function
    return await run_in_threadpool(dependant.call, **values)
           ^^^^^^^^^^^^^^^^^^^^^^^^^^^^^^^^^^^^^^^^^^^^^^^^^
  File "C:\Users\Sachin\AppData\Roaming\Python\Python314\site-packages\starlette\concurrency.py", line 32, in run_in_threadpool
    return await anyio.to_thread.run_sync(func)
           ^^^^^^^^^^^^^^^^^^^^^^^^^^^^^^^^^^^^
  File "C:\Users\Sachin\AppData\Roaming\Python\Python314\site-packages\anyio\to_thread.py", line 63, in run_sync
    return await get_async_backend().run_sync_in_worker_thread(
           ^^^^^^^^^^^^^^^^^^^^^^^^^^^^^^^^^^^^^^^^^^^^^^^^^^^^
        func, args, abandon_on_cancel=abandon_on_cancel, limiter=limiter
        ^^^^^^^^^^^^^^^^^^^^^^^^^^^^^^^^^^^^^^^^^^^^^^^^^^^^^^^^^^^^^^^^
    )
    ^
  File "C:\Users\Sachin\AppData\Roaming\Python\Python314\site-packages\anyio\_backends\_asyncio.py", line 2518, in run_sync_in_worker_thread
    return await future
           ^^^^^^^^^^^^
  File "C:\Users\Sachin\AppData\Roaming\Python\Python314\site-packages\anyio\_backends\_asyncio.py", line 1002, in run
    result = context.run(func, *args)
  File "C:\Users\Sachin\OneDrive\Desktop\STOCKIT1\backend\app\api\routes.py", line 90, in predict_price
    history = yf.Ticker(symbol).history(period="6mo", interval="1d", auto_adjust=False)
  File "C:\Users\Sachin\AppData\Roaming\Python\Python314\site-packages\yfinance\utils.py", line 95, in wrapper
    result = func(*args, **kwargs)
  File "C:\Users\Sachin\AppData\Roaming\Python\Python314\site-packages\yfinance\base.py", line 129, in history
    return self._lazy_load_price_history().history(*args, **kwargs)
           ~~~~~~~~~~~~~~~~~~~~~~~~~~~~~~~~~~~~~~~^^^^^^^^^^^^^^^^^
  File "C:\Users\Sachin\AppData\Roaming\Python\Python314\site-packages\yfinance\utils.py", line 95, in wrapper
    result = func(*args, **kwargs)
  File "C:\Users\Sachin\AppData\Roaming\Python\Python314\site-packages\yfinance\scrapers\history.py", line 224, in history
    if data['chart']['result'] is None:
       ~~~~^^^^^^^^^
TypeError: 'NoneType' object is not subscriptable
INFO:     127.0.0.1:56350 - "WebSocket /api/ws/TCS.NS" [accepted]
ERROR:    Exception in ASGI application
Traceback (most recent call last):
  File "C:\Users\Sachin\AppData\Roaming\Python\Python314\site-packages\uvicorn\protocols\websockets\websockets_impl.py", line 244, in run_asgi
    result = await self.app(self.scope, self.asgi_receive, self.asgi_send)  # type: ignore[func-returns-value]
             ^^^^^^^^^^^^^^^^^^^^^^^^^^^^^^^^^^^^^^^^^^^^^^^^^^^^^^^^^^^^^
  File "C:\Users\Sachin\AppData\Roaming\Python\Python314\site-packages\uvicorn\middleware\proxy_headers.py", line 60, in __call__
    return await self.app(scope, receive, send)
           ^^^^^^^^^^^^^^^^^^^^^^^^^^^^^^^^^^^^
  File "C:\Users\Sachin\AppData\Roaming\Python\Python314\site-packages\fastapi\applications.py", line 1159, in __call__
    await super().__call__(scope, receive, send)
  File "C:\Users\Sachin\AppData\Roaming\Python\Python314\site-packages\starlette\applications.py", line 90, in __call__
    await self.middleware_stack(scope, receive, send)
  File "C:\Users\Sachin\AppData\Roaming\Python\Python314\site-packages\starlette\middleware\errors.py", line 151, in __call__
    await self.app(scope, receive, send)
  File "C:\Users\Sachin\AppData\Roaming\Python\Python314\site-packages\starlette\middleware\cors.py", line 80, in __call__
    await self.app(scope, receive, send)
  File "C:\Users\Sachin\AppData\Roaming\Python\Python314\site-packages\starlette\middleware\exceptions.py", line 63, in __call__
    await wrap_app_handling_exceptions(self.app, conn)(scope, receive, send)
  File "C:\Users\Sachin\AppData\Roaming\Python\Python314\site-packages\starlette\_exception_handler.py", line 53, in wrapped_app
    raise exc
  File "C:\Users\Sachin\AppData\Roaming\Python\Python314\site-packages\starlette\_exception_handler.py", line 42, in wrapped_app
    await app(scope, receive, sender)
  File "C:\Users\Sachin\AppData\Roaming\Python\Python314\site-packages\fastapi\middleware\asyncexitstack.py", line 18, in __call__
    await self.app(scope, receive, send)
  File "C:\Users\Sachin\AppData\Roaming\Python\Python314\site-packages\starlette\routing.py", line 660, in __call__
    await self.middleware_stack(scope, receive, send)
  File "C:\Users\Sachin\AppData\Roaming\Python\Python314\site-packages\starlette\routing.py", line 680, in app
    await route.handle(scope, receive, send)
  File "C:\Users\Sachin\AppData\Roaming\Python\Python314\site-packages\starlette\routing.py", line 350, in handle
    await self.app(scope, receive, send)
  File "C:\Users\Sachin\AppData\Roaming\Python\Python314\site-packages\fastapi\routing.py", line 160, in app
    await wrap_app_handling_exceptions(app, session)(scope, receive, send)
  File "C:\Users\Sachin\AppData\Roaming\Python\Python314\site-packages\starlette\_exception_handler.py", line 53, in wrapped_app
    raise exc
  File "C:\Users\Sachin\AppData\Roaming\Python\Python314\site-packages\starlette\_exception_handler.py", line 42, in wrapped_app
    await app(scope, receive, sender)
  File "C:\Users\Sachin\AppData\Roaming\Python\Python314\site-packages\fastapi\routing.py", line 157, in app
    await func(session)
  File "C:\Users\Sachin\AppData\Roaming\Python\Python314\site-packages\fastapi\routing.py", line 764, in app
    await dependant.call(**solved_result.values)
  File "C:\Users\Sachin\OneDrive\Desktop\STOCKIT1\backend\app\api\routes.py", line 148, in stock_socket
    price = get_live_price(symbol)
  File "C:\Users\Sachin\OneDrive\Desktop\STOCKIT1\backend\app\services\market_data.py", line 125, in get_live_price
    if info.get("lastPrice"):
       ~~~~~~~~^^^^^^^^^^^^^
  File "C:\Users\Sachin\AppData\Roaming\Python\Python314\site-packages\yfinance\scrapers\quote.py", line 101, in get
    return self[key]
           ~~~~^^^^^
  File "C:\Users\Sachin\AppData\Roaming\Python\Python314\site-packages\yfinance\scrapers\quote.py", line 111, in __getitem__
    return getattr(self, k)
  File "C:\Users\Sachin\AppData\Roaming\Python\Python314\site-packages\yfinance\scrapers\quote.py", line 248, in last_price
    prices = self._get_1y_prices()
  File "C:\Users\Sachin\AppData\Roaming\Python\Python314\site-packages\yfinance\scrapers\quote.py", line 130, in _get_1y_prices
    self._prices_1y = self._tkr.history(period="1y", auto_adjust=False, keepna=True)
                      ~~~~~~~~~~~~~~~~~^^^^^^^^^^^^^^^^^^^^^^^^^^^^^^^^^^^^^^^^^^^^^
  File "C:\Users\Sachin\AppData\Roaming\Python\Python314\site-packages\yfinance\utils.py", line 95, in wrapper
    result = func(*args, **kwargs)
  File "C:\Users\Sachin\AppData\Roaming\Python\Python314\site-packages\yfinance\base.py", line 129, in history
    return self._lazy_load_price_history().history(*args, **kwargs)
           ~~~~~~~~~~~~~~~~~~~~~~~~~~~~~~~~~~~~~~~^^^^^^^^^^^^^^^^^
  File "C:\Users\Sachin\AppData\Roaming\Python\Python314\site-packages\yfinance\utils.py", line 95, in wrapper
    result = func(*args, **kwargs)
  File "C:\Users\Sachin\AppData\Roaming\Python\Python314\site-packages\yfinance\scrapers\history.py", line 224, in history
    if data['chart']['result'] is None:
       ~~~~^^^^^^^^^
TypeError: 'NoneType' object is not subscriptable
INFO:     connection open
INFO:     connection closed
INFO:     127.0.0.1:56437 - "GET /api/stock/TCS.NS HTTP/1.1" 500 Internal Server Error
ERROR:    Exception in ASGI application
Traceback (most recent call last):
  File "C:\Users\Sachin\AppData\Roaming\Python\Python314\site-packages\uvicorn\protocols\http\h11_impl.py", line 410, in run_asgi
    result = await app(  # type: ignore[func-returns-value]
             ^^^^^^^^^^^^^^^^^^^^^^^^^^^^^^^^^^^^^^^^^^^^^^
        self.scope, self.receive, self.send
        ^^^^^^^^^^^^^^^^^^^^^^^^^^^^^^^^^^^
    )
    ^
  File "C:\Users\Sachin\AppData\Roaming\Python\Python314\site-packages\uvicorn\middleware\proxy_headers.py", line 60, in __call__
    return await self.app(scope, receive, send)
           ^^^^^^^^^^^^^^^^^^^^^^^^^^^^^^^^^^^^
  File "C:\Users\Sachin\AppData\Roaming\Python\Python314\site-packages\fastapi\applications.py", line 1159, in __call__
    await super().__call__(scope, receive, send)
  File "C:\Users\Sachin\AppData\Roaming\Python\Python314\site-packages\starlette\applications.py", line 90, in __call__
    await self.middleware_stack(scope, receive, send)
  File "C:\Users\Sachin\AppData\Roaming\Python\Python314\site-packages\starlette\middleware\errors.py", line 186, in __call__
    raise exc
  File "C:\Users\Sachin\AppData\Roaming\Python\Python314\site-packages\starlette\middleware\errors.py", line 164, in __call__
    await self.app(scope, receive, _send)
  File "C:\Users\Sachin\AppData\Roaming\Python\Python314\site-packages\starlette\middleware\cors.py", line 96, in __call__
    await self.simple_response(scope, receive, send, request_headers=headers)
  File "C:\Users\Sachin\AppData\Roaming\Python\Python314\site-packages\starlette\middleware\cors.py", line 154, in simple_response
    await self.app(scope, receive, send)
  File "C:\Users\Sachin\AppData\Roaming\Python\Python314\site-packages\starlette\middleware\exceptions.py", line 63, in __call__
    await wrap_app_handling_exceptions(self.app, conn)(scope, receive, send)
  File "C:\Users\Sachin\AppData\Roaming\Python\Python314\site-packages\starlette\_exception_handler.py", line 53, in wrapped_app
    raise exc
  File "C:\Users\Sachin\AppData\Roaming\Python\Python314\site-packages\starlette\_exception_handler.py", line 42, in wrapped_app
    await app(scope, receive, sender)
  File "C:\Users\Sachin\AppData\Roaming\Python\Python314\site-packages\fastapi\middleware\asyncexitstack.py", line 18, in __call__
    await self.app(scope, receive, send)
  File "C:\Users\Sachin\AppData\Roaming\Python\Python314\site-packages\starlette\routing.py", line 660, in __call__
    await self.middleware_stack(scope, receive, send)
  File "C:\Users\Sachin\AppData\Roaming\Python\Python314\site-packages\starlette\routing.py", line 680, in app
    await route.handle(scope, receive, send)
  File "C:\Users\Sachin\AppData\Roaming\Python\Python314\site-packages\starlette\routing.py", line 276, in handle
    await self.app(scope, receive, send)
  File "C:\Users\Sachin\AppData\Roaming\Python\Python314\site-packages\fastapi\routing.py", line 134, in app
    await wrap_app_handling_exceptions(app, request)(scope, receive, send)
  File "C:\Users\Sachin\AppData\Roaming\Python\Python314\site-packages\starlette\_exception_handler.py", line 53, in wrapped_app
    raise exc
  File "C:\Users\Sachin\AppData\Roaming\Python\Python314\site-packages\starlette\_exception_handler.py", line 42, in wrapped_app
    await app(scope, receive, sender)
  File "C:\Users\Sachin\AppData\Roaming\Python\Python314\site-packages\fastapi\routing.py", line 120, in app
    response = await f(request)
               ^^^^^^^^^^^^^^^^
  File "C:\Users\Sachin\AppData\Roaming\Python\Python314\site-packages\fastapi\routing.py", line 674, in app
    raw_response = await run_endpoint_function(
                   ^^^^^^^^^^^^^^^^^^^^^^^^^^^^
    ...<3 lines>...
    )
    ^
  File "C:\Users\Sachin\AppData\Roaming\Python\Python314\site-packages\fastapi\routing.py", line 330, in run_endpoint_function
    return await run_in_threadpool(dependant.call, **values)
           ^^^^^^^^^^^^^^^^^^^^^^^^^^^^^^^^^^^^^^^^^^^^^^^^^
  File "C:\Users\Sachin\AppData\Roaming\Python\Python314\site-packages\starlette\concurrency.py", line 32, in run_in_threadpool
    return await anyio.to_thread.run_sync(func)
           ^^^^^^^^^^^^^^^^^^^^^^^^^^^^^^^^^^^^
  File "C:\Users\Sachin\AppData\Roaming\Python\Python314\site-packages\anyio\to_thread.py", line 63, in run_sync
    return await get_async_backend().run_sync_in_worker_thread(
           ^^^^^^^^^^^^^^^^^^^^^^^^^^^^^^^^^^^^^^^^^^^^^^^^^^^^
        func, args, abandon_on_cancel=abandon_on_cancel, limiter=limiter
        ^^^^^^^^^^^^^^^^^^^^^^^^^^^^^^^^^^^^^^^^^^^^^^^^^^^^^^^^^^^^^^^^
    )
    ^
  File "C:\Users\Sachin\AppData\Roaming\Python\Python314\site-packages\anyio\_backends\_asyncio.py", line 2518, in run_sync_in_worker_thread
    return await future
           ^^^^^^^^^^^^
  File "C:\Users\Sachin\AppData\Roaming\Python\Python314\site-packages\anyio\_backends\_asyncio.py", line 1002, in run
    result = context.run(func, *args)
  File "C:\Users\Sachin\OneDrive\Desktop\STOCKIT1\backend\app\api\routes.py", line 82, in stock_details
    return get_stock_snapshot(symbol)
  File "C:\Users\Sachin\OneDrive\Desktop\STOCKIT1\backend\app\services\market_data.py", line 88, in get_stock_snapshot
    info, history = _prepare_history(symbol)
                    ~~~~~~~~~~~~~~~~^^^^^^^^
  File "C:\Users\Sachin\OneDrive\Desktop\STOCKIT1\backend\app\services\market_data.py", line 51, in _prepare_history
    history = ticker.history(period=period, interval=interval, auto_adjust=False)
  File "C:\Users\Sachin\AppData\Roaming\Python\Python314\site-packages\yfinance\utils.py", line 95, in wrapper
    result = func(*args, **kwargs)
  File "C:\Users\Sachin\AppData\Roaming\Python\Python314\site-packages\yfinance\base.py", line 129, in history
    return self._lazy_load_price_history().history(*args, **kwargs)
           ~~~~~~~~~~~~~~~~~~~~~~~~~~~~~~~~~~~~~~~^^^^^^^^^^^^^^^^^
  File "C:\Users\Sachin\AppData\Roaming\Python\Python314\site-packages\yfinance\utils.py", line 95, in wrapper
    result = func(*args, **kwargs)
  File "C:\Users\Sachin\AppData\Roaming\Python\Python314\site-packages\yfinance\scrapers\history.py", line 224, in history
    if data['chart']['result'] is None:
       ~~~~^^^^^^^^^
TypeError: 'NoneType' object is not subscriptable
INFO:     127.0.0.1:54337 - "GET /api/search?query= HTTP/1.1" 200 OK
INFO:     127.0.0.1:54337 - "GET /api/stock/TCS.NS HTTP/1.1" 500 Internal Server Error
ERROR:    Exception in ASGI application
Traceback (most recent call last):
  File "C:\Users\Sachin\AppData\Roaming\Python\Python314\site-packages\uvicorn\protocols\http\h11_impl.py", line 410, in run_asgi
    result = await app(  # type: ignore[func-returns-value]
             ^^^^^^^^^^^^^^^^^^^^^^^^^^^^^^^^^^^^^^^^^^^^^^
        self.scope, self.receive, self.send
        ^^^^^^^^^^^^^^^^^^^^^^^^^^^^^^^^^^^
    )
    ^
  File "C:\Users\Sachin\AppData\Roaming\Python\Python314\site-packages\uvicorn\middleware\proxy_headers.py", line 60, in __call__
    return await self.app(scope, receive, send)
           ^^^^^^^^^^^^^^^^^^^^^^^^^^^^^^^^^^^^
  File "C:\Users\Sachin\AppData\Roaming\Python\Python314\site-packages\fastapi\applications.py", line 1159, in __call__
    await super().__call__(scope, receive, send)
  File "C:\Users\Sachin\AppData\Roaming\Python\Python314\site-packages\starlette\applications.py", line 90, in __call__
    await self.middleware_stack(scope, receive, send)
  File "C:\Users\Sachin\AppData\Roaming\Python\Python314\site-packages\starlette\middleware\errors.py", line 186, in __call__
    raise exc
  File "C:\Users\Sachin\AppData\Roaming\Python\Python314\site-packages\starlette\middleware\errors.py", line 164, in __call__
    await self.app(scope, receive, _send)
  File "C:\Users\Sachin\AppData\Roaming\Python\Python314\site-packages\starlette\middleware\cors.py", line 96, in __call__
    await self.simple_response(scope, receive, send, request_headers=headers)
  File "C:\Users\Sachin\AppData\Roaming\Python\Python314\site-packages\starlette\middleware\cors.py", line 154, in simple_response
    await self.app(scope, receive, send)
  File "C:\Users\Sachin\AppData\Roaming\Python\Python314\site-packages\starlette\middleware\exceptions.py", line 63, in __call__
    await wrap_app_handling_exceptions(self.app, conn)(scope, receive, send)
  File "C:\Users\Sachin\AppData\Roaming\Python\Python314\site-packages\starlette\_exception_handler.py", line 53, in wrapped_app
    raise exc
  File "C:\Users\Sachin\AppData\Roaming\Python\Python314\site-packages\starlette\_exception_handler.py", line 42, in wrapped_app
    await app(scope, receive, sender)
  File "C:\Users\Sachin\AppData\Roaming\Python\Python314\site-packages\fastapi\middleware\asyncexitstack.py", line 18, in __call__
    await self.app(scope, receive, send)
  File "C:\Users\Sachin\AppData\Roaming\Python\Python314\site-packages\starlette\routing.py", line 660, in __call__
    await self.middleware_stack(scope, receive, send)
  File "C:\Users\Sachin\AppData\Roaming\Python\Python314\site-packages\starlette\routing.py", line 680, in app
    await route.handle(scope, receive, send)
  File "C:\Users\Sachin\AppData\Roaming\Python\Python314\site-packages\starlette\routing.py", line 276, in handle
    await self.app(scope, receive, send)
  File "C:\Users\Sachin\AppData\Roaming\Python\Python314\site-packages\fastapi\routing.py", line 134, in app
    await wrap_app_handling_exceptions(app, request)(scope, receive, send)
  File "C:\Users\Sachin\AppData\Roaming\Python\Python314\site-packages\starlette\_exception_handler.py", line 53, in wrapped_app
    raise exc
  File "C:\Users\Sachin\AppData\Roaming\Python\Python314\site-packages\starlette\_exception_handler.py", line 42, in wrapped_app
    await app(scope, receive, sender)
  File "C:\Users\Sachin\AppData\Roaming\Python\Python314\site-packages\fastapi\routing.py", line 120, in app
    response = await f(request)
               ^^^^^^^^^^^^^^^^
  File "C:\Users\Sachin\AppData\Roaming\Python\Python314\site-packages\fastapi\routing.py", line 674, in app
    raw_response = await run_endpoint_function(
                   ^^^^^^^^^^^^^^^^^^^^^^^^^^^^
    ...<3 lines>...
    )
    ^
  File "C:\Users\Sachin\AppData\Roaming\Python\Python314\site-packages\fastapi\routing.py", line 330, in run_endpoint_function
    return await run_in_threadpool(dependant.call, **values)
           ^^^^^^^^^^^^^^^^^^^^^^^^^^^^^^^^^^^^^^^^^^^^^^^^^
  File "C:\Users\Sachin\AppData\Roaming\Python\Python314\site-packages\starlette\concurrency.py", line 32, in run_in_threadpool
    return await anyio.to_thread.run_sync(func)
           ^^^^^^^^^^^^^^^^^^^^^^^^^^^^^^^^^^^^
  File "C:\Users\Sachin\AppData\Roaming\Python\Python314\site-packages\anyio\to_thread.py", line 63, in run_sync
    return await get_async_backend().run_sync_in_worker_thread(
           ^^^^^^^^^^^^^^^^^^^^^^^^^^^^^^^^^^^^^^^^^^^^^^^^^^^^
        func, args, abandon_on_cancel=abandon_on_cancel, limiter=limiter
        ^^^^^^^^^^^^^^^^^^^^^^^^^^^^^^^^^^^^^^^^^^^^^^^^^^^^^^^^^^^^^^^^
    )
    ^
  File "C:\Users\Sachin\AppData\Roaming\Python\Python314\site-packages\anyio\_backends\_asyncio.py", line 2518, in run_sync_in_worker_thread
    return await future
           ^^^^^^^^^^^^
  File "C:\Users\Sachin\AppData\Roaming\Python\Python314\site-packages\anyio\_backends\_asyncio.py", line 1002, in run
    result = context.run(func, *args)
  File "C:\Users\Sachin\OneDrive\Desktop\STOCKIT1\backend\app\api\routes.py", line 82, in stock_details
    return get_stock_snapshot(symbol)
  File "C:\Users\Sachin\OneDrive\Desktop\STOCKIT1\backend\app\services\market_data.py", line 88, in get_stock_snapshot
    info, history = _prepare_history(symbol)
                    ~~~~~~~~~~~~~~~~^^^^^^^^
  File "C:\Users\Sachin\OneDrive\Desktop\STOCKIT1\backend\app\services\market_data.py", line 51, in _prepare_history
    history = ticker.history(period=period, interval=interval, auto_adjust=False)
  File "C:\Users\Sachin\AppData\Roaming\Python\Python314\site-packages\yfinance\utils.py", line 95, in wrapper
    result = func(*args, **kwargs)
  File "C:\Users\Sachin\AppData\Roaming\Python\Python314\site-packages\yfinance\base.py", line 129, in history
    return self._lazy_load_price_history().history(*args, **kwargs)
           ~~~~~~~~~~~~~~~~~~~~~~~~~~~~~~~~~~~~~~~^^^^^^^^^^^^^^^^^
  File "C:\Users\Sachin\AppData\Roaming\Python\Python314\site-packages\yfinance\utils.py", line 95, in wrapper
    result = func(*args, **kwargs)
  File "C:\Users\Sachin\AppData\Roaming\Python\Python314\site-packages\yfinance\scrapers\history.py", line 224, in history
    if data['chart']['result'] is None:
       ~~~~^^^^^^^^^
TypeError: 'NoneType' object is not subscriptable
INFO:     127.0.0.1:56839 - "WebSocket /api/ws/TCS.NS" [accepted]
ERROR:    Exception in ASGI application
Traceback (most recent call last):
  File "C:\Users\Sachin\AppData\Roaming\Python\Python314\site-packages\uvicorn\protocols\websockets\websockets_impl.py", line 244, in run_asgi
    result = await self.app(self.scope, self.asgi_receive, self.asgi_send)  # type: ignore[func-returns-value]
             ^^^^^^^^^^^^^^^^^^^^^^^^^^^^^^^^^^^^^^^^^^^^^^^^^^^^^^^^^^^^^
  File "C:\Users\Sachin\AppData\Roaming\Python\Python314\site-packages\uvicorn\middleware\proxy_headers.py", line 60, in __call__
    return await self.app(scope, receive, send)
           ^^^^^^^^^^^^^^^^^^^^^^^^^^^^^^^^^^^^
  File "C:\Users\Sachin\AppData\Roaming\Python\Python314\site-packages\fastapi\applications.py", line 1159, in __call__
    await super().__call__(scope, receive, send)
  File "C:\Users\Sachin\AppData\Roaming\Python\Python314\site-packages\starlette\applications.py", line 90, in __call__
    await self.middleware_stack(scope, receive, send)
  File "C:\Users\Sachin\AppData\Roaming\Python\Python314\site-packages\starlette\middleware\errors.py", line 151, in __call__
    await self.app(scope, receive, send)
  File "C:\Users\Sachin\AppData\Roaming\Python\Python314\site-packages\starlette\middleware\cors.py", line 80, in __call__
    await self.app(scope, receive, send)
  File "C:\Users\Sachin\AppData\Roaming\Python\Python314\site-packages\starlette\middleware\exceptions.py", line 63, in __call__
    await wrap_app_handling_exceptions(self.app, conn)(scope, receive, send)
  File "C:\Users\Sachin\AppData\Roaming\Python\Python314\site-packages\starlette\_exception_handler.py", line 53, in wrapped_app
    raise exc
  File "C:\Users\Sachin\AppData\Roaming\Python\Python314\site-packages\starlette\_exception_handler.py", line 42, in wrapped_app
    await app(scope, receive, sender)
  File "C:\Users\Sachin\AppData\Roaming\Python\Python314\site-packages\fastapi\middleware\asyncexitstack.py", line 18, in __call__
    await self.app(scope, receive, send)
  File "C:\Users\Sachin\AppData\Roaming\Python\Python314\site-packages\starlette\routing.py", line 660, in __call__
    await self.middleware_stack(scope, receive, send)
  File "C:\Users\Sachin\AppData\Roaming\Python\Python314\site-packages\starlette\routing.py", line 680, in app
    await route.handle(scope, receive, send)
  File "C:\Users\Sachin\AppData\Roaming\Python\Python314\site-packages\starlette\routing.py", line 350, in handle
    await self.app(scope, receive, send)
  File "C:\Users\Sachin\AppData\Roaming\Python\Python314\site-packages\fastapi\routing.py", line 160, in app
    await wrap_app_handling_exceptions(app, session)(scope, receive, send)
  File "C:\Users\Sachin\AppData\Roaming\Python\Python314\site-packages\starlette\_exception_handler.py", line 53, in wrapped_app
    raise exc
  File "C:\Users\Sachin\AppData\Roaming\Python\Python314\site-packages\starlette\_exception_handler.py", line 42, in wrapped_app
    await app(scope, receive, sender)
  File "C:\Users\Sachin\AppData\Roaming\Python\Python314\site-packages\fastapi\routing.py", line 157, in app
    await func(session)
  File "C:\Users\Sachin\AppData\Roaming\Python\Python314\site-packages\fastapi\routing.py", line 764, in app
    await dependant.call(**solved_result.values)
  File "C:\Users\Sachin\OneDrive\Desktop\STOCKIT1\backend\app\api\routes.py", line 148, in stock_socket
    price = get_live_price(symbol)
  File "C:\Users\Sachin\OneDrive\Desktop\STOCKIT1\backend\app\services\market_data.py", line 125, in get_live_price
    if info.get("lastPrice"):
       ~~~~~~~~^^^^^^^^^^^^^
  File "C:\Users\Sachin\AppData\Roaming\Python\Python314\site-packages\yfinance\scrapers\quote.py", line 101, in get
    return self[key]
           ~~~~^^^^^
  File "C:\Users\Sachin\AppData\Roaming\Python\Python314\site-packages\yfinance\scrapers\quote.py", line 111, in __getitem__
    return getattr(self, k)
  File "C:\Users\Sachin\AppData\Roaming\Python\Python314\site-packages\yfinance\scrapers\quote.py", line 248, in last_price
    prices = self._get_1y_prices()
  File "C:\Users\Sachin\AppData\Roaming\Python\Python314\site-packages\yfinance\scrapers\quote.py", line 130, in _get_1y_prices
    self._prices_1y = self._tkr.history(period="1y", auto_adjust=False, keepna=True)
                      ~~~~~~~~~~~~~~~~~^^^^^^^^^^^^^^^^^^^^^^^^^^^^^^^^^^^^^^^^^^^^^
  File "C:\Users\Sachin\AppData\Roaming\Python\Python314\site-packages\yfinance\utils.py", line 95, in wrapper
    result = func(*args, **kwargs)
  File "C:\Users\Sachin\AppData\Roaming\Python\Python314\site-packages\yfinance\base.py", line 129, in history
    return self._lazy_load_price_history().history(*args, **kwargs)
           ~~~~~~~~~~~~~~~~~~~~~~~~~~~~~~~~~~~~~~~^^^^^^^^^^^^^^^^^
  File "C:\Users\Sachin\AppData\Roaming\Python\Python314\site-packages\yfinance\utils.py", line 95, in wrapper
    result = func(*args, **kwargs)
  File "C:\Users\Sachin\AppData\Roaming\Python\Python314\site-packages\yfinance\scrapers\history.py", line 224, in history
    if data['chart']['result'] is None:
       ~~~~^^^^^^^^^
TypeError: 'NoneType' object is not subscriptable
INFO:     connection open
INFO:     connection closed
INFO:     127.0.0.1:58334 - "GET /api/predict/TCS.NS HTTP/1.1" 500 Internal Server Error
ERROR:    Exception in ASGI application
Traceback (most recent call last):
  File "C:\Users\Sachin\AppData\Roaming\Python\Python314\site-packages\uvicorn\protocols\http\h11_impl.py", line 410, in run_asgi
    result = await app(  # type: ignore[func-returns-value]
             ^^^^^^^^^^^^^^^^^^^^^^^^^^^^^^^^^^^^^^^^^^^^^^
        self.scope, self.receive, self.send
        ^^^^^^^^^^^^^^^^^^^^^^^^^^^^^^^^^^^
    )
    ^
  File "C:\Users\Sachin\AppData\Roaming\Python\Python314\site-packages\uvicorn\middleware\proxy_headers.py", line 60, in __call__
    return await self.app(scope, receive, send)
           ^^^^^^^^^^^^^^^^^^^^^^^^^^^^^^^^^^^^
  File "C:\Users\Sachin\AppData\Roaming\Python\Python314\site-packages\fastapi\applications.py", line 1159, in __call__
    await super().__call__(scope, receive, send)
  File "C:\Users\Sachin\AppData\Roaming\Python\Python314\site-packages\starlette\applications.py", line 90, in __call__
    await self.middleware_stack(scope, receive, send)
  File "C:\Users\Sachin\AppData\Roaming\Python\Python314\site-packages\starlette\middleware\errors.py", line 186, in __call__
    raise exc
  File "C:\Users\Sachin\AppData\Roaming\Python\Python314\site-packages\starlette\middleware\errors.py", line 164, in __call__
    await self.app(scope, receive, _send)
  File "C:\Users\Sachin\AppData\Roaming\Python\Python314\site-packages\starlette\middleware\cors.py", line 96, in __call__
    await self.simple_response(scope, receive, send, request_headers=headers)
  File "C:\Users\Sachin\AppData\Roaming\Python\Python314\site-packages\starlette\middleware\cors.py", line 154, in simple_response
    await self.app(scope, receive, send)
  File "C:\Users\Sachin\AppData\Roaming\Python\Python314\site-packages\starlette\middleware\exceptions.py", line 63, in __call__
    await wrap_app_handling_exceptions(self.app, conn)(scope, receive, send)
  File "C:\Users\Sachin\AppData\Roaming\Python\Python314\site-packages\starlette\_exception_handler.py", line 53, in wrapped_app
    raise exc
  File "C:\Users\Sachin\AppData\Roaming\Python\Python314\site-packages\starlette\_exception_handler.py", line 42, in wrapped_app
    await app(scope, receive, sender)
  File "C:\Users\Sachin\AppData\Roaming\Python\Python314\site-packages\fastapi\middleware\asyncexitstack.py", line 18, in __call__
    await self.app(scope, receive, send)
  File "C:\Users\Sachin\AppData\Roaming\Python\Python314\site-packages\starlette\routing.py", line 660, in __call__
    await self.middleware_stack(scope, receive, send)
  File "C:\Users\Sachin\AppData\Roaming\Python\Python314\site-packages\starlette\routing.py", line 680, in app
    await route.handle(scope, receive, send)
  File "C:\Users\Sachin\AppData\Roaming\Python\Python314\site-packages\starlette\routing.py", line 276, in handle
    await self.app(scope, receive, send)
  File "C:\Users\Sachin\AppData\Roaming\Python\Python314\site-packages\fastapi\routing.py", line 134, in app
    await wrap_app_handling_exceptions(app, request)(scope, receive, send)
  File "C:\Users\Sachin\AppData\Roaming\Python\Python314\site-packages\starlette\_exception_handler.py", line 53, in wrapped_app
    raise exc
  File "C:\Users\Sachin\AppData\Roaming\Python\Python314\site-packages\starlette\_exception_handler.py", line 42, in wrapped_app
    await app(scope, receive, sender)
  File "C:\Users\Sachin\AppData\Roaming\Python\Python314\site-packages\fastapi\routing.py", line 120, in app
    response = await f(request)
               ^^^^^^^^^^^^^^^^
  File "C:\Users\Sachin\AppData\Roaming\Python\Python314\site-packages\fastapi\routing.py", line 674, in app
    raw_response = await run_endpoint_function(
                   ^^^^^^^^^^^^^^^^^^^^^^^^^^^^
    ...<3 lines>...
    )
    ^
  File "C:\Users\Sachin\AppData\Roaming\Python\Python314\site-packages\fastapi\routing.py", line 330, in run_endpoint_function
    return await run_in_threadpool(dependant.call, **values)
           ^^^^^^^^^^^^^^^^^^^^^^^^^^^^^^^^^^^^^^^^^^^^^^^^^
  File "C:\Users\Sachin\AppData\Roaming\Python\Python314\site-packages\starlette\concurrency.py", line 32, in run_in_threadpool
    return await anyio.to_thread.run_sync(func)
           ^^^^^^^^^^^^^^^^^^^^^^^^^^^^^^^^^^^^
  File "C:\Users\Sachin\AppData\Roaming\Python\Python314\site-packages\anyio\to_thread.py", line 63, in run_sync
    return await get_async_backend().run_sync_in_worker_thread(
           ^^^^^^^^^^^^^^^^^^^^^^^^^^^^^^^^^^^^^^^^^^^^^^^^^^^^
        func, args, abandon_on_cancel=abandon_on_cancel, limiter=limiter
        ^^^^^^^^^^^^^^^^^^^^^^^^^^^^^^^^^^^^^^^^^^^^^^^^^^^^^^^^^^^^^^^^
    )
    ^
  File "C:\Users\Sachin\AppData\Roaming\Python\Python314\site-packages\anyio\_backends\_asyncio.py", line 2518, in run_sync_in_worker_thread
    return await future
           ^^^^^^^^^^^^
  File "C:\Users\Sachin\AppData\Roaming\Python\Python314\site-packages\anyio\_backends\_asyncio.py", line 1002, in run
    result = context.run(func, *args)
  File "C:\Users\Sachin\OneDrive\Desktop\STOCKIT1\backend\app\api\routes.py", line 90, in predict_price
    history = yf.Ticker(symbol).history(period="6mo", interval="1d", auto_adjust=False)
  File "C:\Users\Sachin\AppData\Roaming\Python\Python314\site-packages\yfinance\utils.py", line 95, in wrapper
    result = func(*args, **kwargs)
  File "C:\Users\Sachin\AppData\Roaming\Python\Python314\site-packages\yfinance\base.py", line 129, in history
    return self._lazy_load_price_history().history(*args, **kwargs)
           ~~~~~~~~~~~~~~~~~~~~~~~~~~~~~~~~~~~~~~~^^^^^^^^^^^^^^^^^
  File "C:\Users\Sachin\AppData\Roaming\Python\Python314\site-packages\yfinance\utils.py", line 95, in wrapper
    result = func(*args, **kwargs)
  File "C:\Users\Sachin\AppData\Roaming\Python\Python314\site-packages\yfinance\scrapers\history.py", line 224, in history
    if data['chart']['result'] is None:
       ~~~~^^^^^^^^^
TypeError: 'NoneType' object is not subscriptable
INFO:     127.0.0.1:61902 - "GET /api/stock/TCS.NS HTTP/1.1" 500 Internal Server Error
ERROR:    Exception in ASGI application
Traceback (most recent call last):
  File "C:\Users\Sachin\AppData\Roaming\Python\Python314\site-packages\uvicorn\protocols\http\h11_impl.py", line 410, in run_asgi
    result = await app(  # type: ignore[func-returns-value]
             ^^^^^^^^^^^^^^^^^^^^^^^^^^^^^^^^^^^^^^^^^^^^^^
        self.scope, self.receive, self.send
        ^^^^^^^^^^^^^^^^^^^^^^^^^^^^^^^^^^^
    )
    ^
  File "C:\Users\Sachin\AppData\Roaming\Python\Python314\site-packages\uvicorn\middleware\proxy_headers.py", line 60, in __call__
    return await self.app(scope, receive, send)
           ^^^^^^^^^^^^^^^^^^^^^^^^^^^^^^^^^^^^
  File "C:\Users\Sachin\AppData\Roaming\Python\Python314\site-packages\fastapi\applications.py", line 1159, in __call__
    await super().__call__(scope, receive, send)
  File "C:\Users\Sachin\AppData\Roaming\Python\Python314\site-packages\starlette\applications.py", line 90, in __call__
    await self.middleware_stack(scope, receive, send)
  File "C:\Users\Sachin\AppData\Roaming\Python\Python314\site-packages\starlette\middleware\errors.py", line 186, in __call__
    raise exc
  File "C:\Users\Sachin\AppData\Roaming\Python\Python314\site-packages\starlette\middleware\errors.py", line 164, in __call__
    await self.app(scope, receive, _send)
  File "C:\Users\Sachin\AppData\Roaming\Python\Python314\site-packages\starlette\middleware\cors.py", line 96, in __call__
    await self.simple_response(scope, receive, send, request_headers=headers)
  File "C:\Users\Sachin\AppData\Roaming\Python\Python314\site-packages\starlette\middleware\cors.py", line 154, in simple_response
    await self.app(scope, receive, send)
  File "C:\Users\Sachin\AppData\Roaming\Python\Python314\site-packages\starlette\middleware\exceptions.py", line 63, in __call__
    await wrap_app_handling_exceptions(self.app, conn)(scope, receive, send)
  File "C:\Users\Sachin\AppData\Roaming\Python\Python314\site-packages\starlette\_exception_handler.py", line 53, in wrapped_app
    raise exc
  File "C:\Users\Sachin\AppData\Roaming\Python\Python314\site-packages\starlette\_exception_handler.py", line 42, in wrapped_app
    await app(scope, receive, sender)
  File "C:\Users\Sachin\AppData\Roaming\Python\Python314\site-packages\fastapi\middleware\asyncexitstack.py", line 18, in __call__
    await self.app(scope, receive, send)
  File "C:\Users\Sachin\AppData\Roaming\Python\Python314\site-packages\starlette\routing.py", line 660, in __call__
    await self.middleware_stack(scope, receive, send)
  File "C:\Users\Sachin\AppData\Roaming\Python\Python314\site-packages\starlette\routing.py", line 680, in app
    await route.handle(scope, receive, send)
  File "C:\Users\Sachin\AppData\Roaming\Python\Python314\site-packages\starlette\routing.py", line 276, in handle
    await self.app(scope, receive, send)
  File "C:\Users\Sachin\AppData\Roaming\Python\Python314\site-packages\fastapi\routing.py", line 134, in app
    await wrap_app_handling_exceptions(app, request)(scope, receive, send)
  File "C:\Users\Sachin\AppData\Roaming\Python\Python314\site-packages\starlette\_exception_handler.py", line 53, in wrapped_app
    raise exc
  File "C:\Users\Sachin\AppData\Roaming\Python\Python314\site-packages\starlette\_exception_handler.py", line 42, in wrapped_app
    await app(scope, receive, sender)
  File "C:\Users\Sachin\AppData\Roaming\Python\Python314\site-packages\fastapi\routing.py", line 120, in app
    response = await f(request)
               ^^^^^^^^^^^^^^^^
  File "C:\Users\Sachin\AppData\Roaming\Python\Python314\site-packages\fastapi\routing.py", line 674, in app
    raw_response = await run_endpoint_function(
                   ^^^^^^^^^^^^^^^^^^^^^^^^^^^^
    ...<3 lines>...
    )
    ^
  File "C:\Users\Sachin\AppData\Roaming\Python\Python314\site-packages\fastapi\routing.py", line 330, in run_endpoint_function
    return await run_in_threadpool(dependant.call, **values)
           ^^^^^^^^^^^^^^^^^^^^^^^^^^^^^^^^^^^^^^^^^^^^^^^^^
  File "C:\Users\Sachin\AppData\Roaming\Python\Python314\site-packages\starlette\concurrency.py", line 32, in run_in_threadpool
    return await anyio.to_thread.run_sync(func)
           ^^^^^^^^^^^^^^^^^^^^^^^^^^^^^^^^^^^^
  File "C:\Users\Sachin\AppData\Roaming\Python\Python314\site-packages\anyio\to_thread.py", line 63, in run_sync
    return await get_async_backend().run_sync_in_worker_thread(
           ^^^^^^^^^^^^^^^^^^^^^^^^^^^^^^^^^^^^^^^^^^^^^^^^^^^^
        func, args, abandon_on_cancel=abandon_on_cancel, limiter=limiter
        ^^^^^^^^^^^^^^^^^^^^^^^^^^^^^^^^^^^^^^^^^^^^^^^^^^^^^^^^^^^^^^^^
    )
    ^
  File "C:\Users\Sachin\AppData\Roaming\Python\Python314\site-packages\anyio\_backends\_asyncio.py", line 2518, in run_sync_in_worker_thread
    return await future
           ^^^^^^^^^^^^
  File "C:\Users\Sachin\AppData\Roaming\Python\Python314\site-packages\anyio\_backends\_asyncio.py", line 1002, in run
    result = context.run(func, *args)
  File "C:\Users\Sachin\OneDrive\Desktop\STOCKIT1\backend\app\api\routes.py", line 82, in stock_details
    return get_stock_snapshot(symbol)
  File "C:\Users\Sachin\OneDrive\Desktop\STOCKIT1\backend\app\services\market_data.py", line 88, in get_stock_snapshot
    info, history = _prepare_history(symbol)
                    ~~~~~~~~~~~~~~~~^^^^^^^^
  File "C:\Users\Sachin\OneDrive\Desktop\STOCKIT1\backend\app\services\market_data.py", line 51, in _prepare_history
    history = ticker.history(period=period, interval=interval, auto_adjust=False)
  File "C:\Users\Sachin\AppData\Roaming\Python\Python314\site-packages\yfinance\utils.py", line 95, in wrapper
    result = func(*args, **kwargs)
  File "C:\Users\Sachin\AppData\Roaming\Python\Python314\site-packages\yfinance\base.py", line 129, in history
    return self._lazy_load_price_history().history(*args, **kwargs)
           ~~~~~~~~~~~~~~~~~~~~~~~~~~~~~~~~~~~~~~~^^^^^^^^^^^^^^^^^
  File "C:\Users\Sachin\AppData\Roaming\Python\Python314\site-packages\yfinance\utils.py", line 95, in wrapper
    result = func(*args, **kwargs)
  File "C:\Users\Sachin\AppData\Roaming\Python\Python314\site-packages\yfinance\scrapers\history.py", line 224, in history
    if data['chart']['result'] is None:
       ~~~~^^^^^^^^^
TypeError: 'NoneType' object is not subscriptable
INFO:     127.0.0.1:52872 - "GET /api/search?query= HTTP/1.1" 200 OK
INFO:     127.0.0.1:52872 - "GET /api/predict/TCS.NS HTTP/1.1" 500 Internal Server Error
ERROR:    Exception in ASGI application
Traceback (most recent call last):
  File "C:\Users\Sachin\AppData\Roaming\Python\Python314\site-packages\uvicorn\protocols\http\h11_impl.py", line 410, in run_asgi
    result = await app(  # type: ignore[func-returns-value]
             ^^^^^^^^^^^^^^^^^^^^^^^^^^^^^^^^^^^^^^^^^^^^^^
        self.scope, self.receive, self.send
        ^^^^^^^^^^^^^^^^^^^^^^^^^^^^^^^^^^^
    )
    ^
  File "C:\Users\Sachin\AppData\Roaming\Python\Python314\site-packages\uvicorn\middleware\proxy_headers.py", line 60, in __call__
    return await self.app(scope, receive, send)
           ^^^^^^^^^^^^^^^^^^^^^^^^^^^^^^^^^^^^
  File "C:\Users\Sachin\AppData\Roaming\Python\Python314\site-packages\fastapi\applications.py", line 1159, in __call__
    await super().__call__(scope, receive, send)
  File "C:\Users\Sachin\AppData\Roaming\Python\Python314\site-packages\starlette\applications.py", line 90, in __call__
    await self.middleware_stack(scope, receive, send)
  File "C:\Users\Sachin\AppData\Roaming\Python\Python314\site-packages\starlette\middleware\errors.py", line 186, in __call__
    raise exc
  File "C:\Users\Sachin\AppData\Roaming\Python\Python314\site-packages\starlette\middleware\errors.py", line 164, in __call__
    await self.app(scope, receive, _send)
  File "C:\Users\Sachin\AppData\Roaming\Python\Python314\site-packages\starlette\middleware\cors.py", line 96, in __call__
    await self.simple_response(scope, receive, send, request_headers=headers)
  File "C:\Users\Sachin\AppData\Roaming\Python\Python314\site-packages\starlette\middleware\cors.py", line 154, in simple_response
    await self.app(scope, receive, send)
  File "C:\Users\Sachin\AppData\Roaming\Python\Python314\site-packages\starlette\middleware\exceptions.py", line 63, in __call__
    await wrap_app_handling_exceptions(self.app, conn)(scope, receive, send)
  File "C:\Users\Sachin\AppData\Roaming\Python\Python314\site-packages\starlette\_exception_handler.py", line 53, in wrapped_app
    raise exc
  File "C:\Users\Sachin\AppData\Roaming\Python\Python314\site-packages\starlette\_exception_handler.py", line 42, in wrapped_app
    await app(scope, receive, sender)
  File "C:\Users\Sachin\AppData\Roaming\Python\Python314\site-packages\fastapi\middleware\asyncexitstack.py", line 18, in __call__
    await self.app(scope, receive, send)
  File "C:\Users\Sachin\AppData\Roaming\Python\Python314\site-packages\starlette\routing.py", line 660, in __call__
    await self.middleware_stack(scope, receive, send)
  File "C:\Users\Sachin\AppData\Roaming\Python\Python314\site-packages\starlette\routing.py", line 680, in app
    await route.handle(scope, receive, send)
  File "C:\Users\Sachin\AppData\Roaming\Python\Python314\site-packages\starlette\routing.py", line 276, in handle
    await self.app(scope, receive, send)
  File "C:\Users\Sachin\AppData\Roaming\Python\Python314\site-packages\fastapi\routing.py", line 134, in app
    await wrap_app_handling_exceptions(app, request)(scope, receive, send)
  File "C:\Users\Sachin\AppData\Roaming\Python\Python314\site-packages\starlette\_exception_handler.py", line 53, in wrapped_app
    raise exc
  File "C:\Users\Sachin\AppData\Roaming\Python\Python314\site-packages\starlette\_exception_handler.py", line 42, in wrapped_app
    await app(scope, receive, sender)
  File "C:\Users\Sachin\AppData\Roaming\Python\Python314\site-packages\fastapi\routing.py", line 120, in app
    response = await f(request)
               ^^^^^^^^^^^^^^^^
  File "C:\Users\Sachin\AppData\Roaming\Python\Python314\site-packages\fastapi\routing.py", line 674, in app
    raw_response = await run_endpoint_function(
                   ^^^^^^^^^^^^^^^^^^^^^^^^^^^^
    ...<3 lines>...
    )
    ^
  File "C:\Users\Sachin\AppData\Roaming\Python\Python314\site-packages\fastapi\routing.py", line 330, in run_endpoint_function
    return await run_in_threadpool(dependant.call, **values)
           ^^^^^^^^^^^^^^^^^^^^^^^^^^^^^^^^^^^^^^^^^^^^^^^^^
  File "C:\Users\Sachin\AppData\Roaming\Python\Python314\site-packages\starlette\concurrency.py", line 32, in run_in_threadpool
    return await anyio.to_thread.run_sync(func)
           ^^^^^^^^^^^^^^^^^^^^^^^^^^^^^^^^^^^^
  File "C:\Users\Sachin\AppData\Roaming\Python\Python314\site-packages\anyio\to_thread.py", line 63, in run_sync
    return await get_async_backend().run_sync_in_worker_thread(
           ^^^^^^^^^^^^^^^^^^^^^^^^^^^^^^^^^^^^^^^^^^^^^^^^^^^^
        func, args, abandon_on_cancel=abandon_on_cancel, limiter=limiter
        ^^^^^^^^^^^^^^^^^^^^^^^^^^^^^^^^^^^^^^^^^^^^^^^^^^^^^^^^^^^^^^^^
    )
    ^
  File "C:\Users\Sachin\AppData\Roaming\Python\Python314\site-packages\anyio\_backends\_asyncio.py", line 2518, in run_sync_in_worker_thread
    return await future
           ^^^^^^^^^^^^
  File "C:\Users\Sachin\AppData\Roaming\Python\Python314\site-packages\anyio\_backends\_asyncio.py", line 1002, in run
    result = context.run(func, *args)
  File "C:\Users\Sachin\OneDrive\Desktop\STOCKIT1\backend\app\api\routes.py", line 90, in predict_price
    history = yf.Ticker(symbol).history(period="6mo", interval="1d", auto_adjust=False)
  File "C:\Users\Sachin\AppData\Roaming\Python\Python314\site-packages\yfinance\utils.py", line 95, in wrapper
    result = func(*args, **kwargs)
  File "C:\Users\Sachin\AppData\Roaming\Python\Python314\site-packages\yfinance\base.py", line 129, in history
    return self._lazy_load_price_history().history(*args, **kwargs)
           ~~~~~~~~~~~~~~~~~~~~~~~~~~~~~~~~~~~~~~~^^^^^^^^^^^^^^^^^
  File "C:\Users\Sachin\AppData\Roaming\Python\Python314\site-packages\yfinance\utils.py", line 95, in wrapper
    result = func(*args, **kwargs)
  File "C:\Users\Sachin\AppData\Roaming\Python\Python314\site-packages\yfinance\scrapers\history.py", line 224, in history
    if data['chart']['result'] is None:
       ~~~~^^^^^^^^^
TypeError: 'NoneType' object is not subscriptable
^C